-- --------------------------------------------------------
-- Host:                         127.0.0.1
-- Versión del servidor:         10.4.24-MariaDB - mariadb.org binary distribution
-- SO del servidor:              Win64
-- HeidiSQL Versión:             12.4.0.6659
-- --------------------------------------------------------

/*!40101 SET @OLD_CHARACTER_SET_CLIENT=@@CHARACTER_SET_CLIENT */;
/*!40101 SET NAMES utf8 */;
/*!50503 SET NAMES utf8mb4 */;
/*!40103 SET @OLD_TIME_ZONE=@@TIME_ZONE */;
/*!40103 SET TIME_ZONE='+00:00' */;
/*!40014 SET @OLD_FOREIGN_KEY_CHECKS=@@FOREIGN_KEY_CHECKS, FOREIGN_KEY_CHECKS=0 */;
/*!40101 SET @OLD_SQL_MODE=@@SQL_MODE, SQL_MODE='NO_AUTO_VALUE_ON_ZERO' */;
/*!40111 SET @OLD_SQL_NOTES=@@SQL_NOTES, SQL_NOTES=0 */;


-- Volcando estructura de base de datos para gestion_viajes
CREATE DATABASE IF NOT EXISTS `gestion_viajes` /*!40100 DEFAULT CHARACTER SET utf8mb4 */;
USE `gestion_viajes`;

-- Volcando estructura para tabla gestion_viajes.failed_jobs
CREATE TABLE IF NOT EXISTS `failed_jobs` (
  `id` bigint(20) unsigned NOT NULL AUTO_INCREMENT,
  `uuid` varchar(255) COLLATE utf8mb4_unicode_ci NOT NULL,
  `connection` text COLLATE utf8mb4_unicode_ci NOT NULL,
  `queue` text COLLATE utf8mb4_unicode_ci NOT NULL,
  `payload` longtext COLLATE utf8mb4_unicode_ci NOT NULL,
  `exception` longtext COLLATE utf8mb4_unicode_ci NOT NULL,
  `failed_at` timestamp NOT NULL DEFAULT current_timestamp(),
  PRIMARY KEY (`id`),
  UNIQUE KEY `failed_jobs_uuid_unique` (`uuid`)
) ENGINE=InnoDB DEFAULT CHARSET=utf8mb4 COLLATE=utf8mb4_unicode_ci;

-- Volcando datos para la tabla gestion_viajes.failed_jobs: ~0 rows (aproximadamente)

-- Volcando estructura para tabla gestion_viajes.itinerarios
CREATE TABLE IF NOT EXISTS `itinerarios` (
  `id` bigint(20) unsigned NOT NULL AUTO_INCREMENT,
  `ruta_id` bigint(20) unsigned NOT NULL,
  `actividad` varchar(255) COLLATE utf8mb4_unicode_ci NOT NULL,
  `fecha` date NOT NULL,
  `hora` time NOT NULL,
  `created_at` timestamp NULL DEFAULT NULL,
  `updated_at` timestamp NULL DEFAULT NULL,
  PRIMARY KEY (`id`),
  KEY `itinerarios_ruta_id_foreign` (`ruta_id`),
  CONSTRAINT `itinerarios_ruta_id_foreign` FOREIGN KEY (`ruta_id`) REFERENCES `rutas` (`id`)
) ENGINE=InnoDB AUTO_INCREMENT=302 DEFAULT CHARSET=utf8mb4 COLLATE=utf8mb4_unicode_ci;

-- Volcando datos para la tabla gestion_viajes.itinerarios: ~301 rows (aproximadamente)
INSERT INTO `itinerarios` (`id`, `ruta_id`, `actividad`, `fecha`, `hora`, `created_at`, `updated_at`) VALUES
	(1, 1, 'Aut asperiores possimus qui ad.', '1995-06-01', '08:37:31', '2023-10-07 10:49:13', '2023-10-07 10:49:13'),
	(2, 1, 'Aut error natus ut deserunt.', '1985-11-02', '20:15:37', '2023-10-07 10:49:13', '2023-10-07 10:49:13'),
	(3, 1, 'Necessitatibus fugit iusto enim consequatur.', '1992-10-11', '04:08:50', '2023-10-07 10:49:13', '2023-10-07 10:49:13'),
	(4, 1, 'Harum aperiam tenetur corrupti optio accusantium.', '2002-06-12', '00:39:43', '2023-10-07 10:49:13', '2023-10-07 10:49:13'),
	(5, 1, 'Autem eveniet consequatur inventore.', '2008-09-23', '16:24:41', '2023-10-07 10:49:13', '2023-10-07 10:49:13'),
	(6, 1, 'Debitis ea vero fuga sunt impedit hic.', '1978-06-30', '17:15:14', '2023-10-07 10:49:13', '2023-10-07 10:49:13'),
	(7, 1, 'Sit itaque facilis repellat aut.', '2005-09-10', '23:57:55', '2023-10-07 10:49:13', '2023-10-07 10:49:13'),
	(8, 1, 'Dolorem accusantium iure placeat suscipit.', '1978-03-20', '11:11:25', '2023-10-07 10:49:13', '2023-10-07 10:49:13'),
	(9, 1, 'Eveniet nobis non non illo.', '1981-04-18', '10:17:34', '2023-10-07 10:49:13', '2023-10-07 10:49:13'),
	(10, 1, 'Ut vel illum et.', '1985-11-22', '16:32:00', '2023-10-07 10:49:13', '2023-10-07 10:49:13'),
	(11, 2, 'Quis numquam qui vitae illum hic.', '2000-06-10', '17:22:54', '2023-10-07 10:49:13', '2023-10-07 10:49:13'),
	(12, 2, 'Eveniet adipisci velit eligendi non rerum.', '1978-08-19', '19:16:50', '2023-10-07 10:49:13', '2023-10-07 10:49:13'),
	(13, 2, 'Laudantium porro enim id quae.', '1973-07-23', '03:02:25', '2023-10-07 10:49:13', '2023-10-07 10:49:13'),
	(14, 2, 'Vel quisquam vel quisquam fugit et qui maxime.', '1970-08-19', '04:54:10', '2023-10-07 10:49:13', '2023-10-07 10:49:13'),
	(15, 2, 'Repellat qui ea sint dolor autem.', '1987-12-31', '19:14:31', '2023-10-07 10:49:13', '2023-10-07 10:49:13'),
	(16, 2, 'Qui quam in harum excepturi.', '1977-04-19', '07:29:36', '2023-10-07 10:49:13', '2023-10-07 10:49:13'),
	(17, 2, 'Neque libero similique sit error.', '1971-08-29', '16:29:52', '2023-10-07 10:49:13', '2023-10-07 10:49:13'),
	(18, 2, 'Eum labore excepturi consectetur qui.', '2015-03-23', '18:47:07', '2023-10-07 10:49:13', '2023-10-07 10:49:13'),
	(19, 2, 'Dicta at maiores porro qui pariatur.', '1970-04-12', '06:43:53', '2023-10-07 10:49:13', '2023-10-07 10:49:13'),
	(20, 2, 'Amet odio non autem natus delectus esse et sed.', '2020-03-27', '11:52:51', '2023-10-07 10:49:13', '2023-10-07 10:49:13'),
	(21, 3, 'Incidunt et placeat dolorem odio.', '2006-05-30', '15:32:38', '2023-10-07 10:49:13', '2023-10-07 10:49:13'),
	(22, 3, 'Voluptatem quidem ea soluta dolores laborum.', '1975-03-17', '01:57:05', '2023-10-07 10:49:13', '2023-10-07 10:49:13'),
	(23, 3, 'Laudantium tempore voluptatem sed quasi qui.', '1981-08-12', '15:55:58', '2023-10-07 10:49:13', '2023-10-07 10:49:13'),
	(24, 3, 'Numquam odio nulla nihil.', '1999-12-09', '06:57:46', '2023-10-07 10:49:13', '2023-10-07 10:49:13'),
	(25, 3, 'Mollitia nesciunt ea ipsam et ut facere dolorum.', '1971-01-14', '20:03:34', '2023-10-07 10:49:13', '2023-10-07 10:49:13'),
	(26, 3, 'Dignissimos quia et aliquid quos.', '2001-05-15', '16:23:56', '2023-10-07 10:49:13', '2023-10-07 10:49:13'),
	(27, 3, 'Aperiam facilis voluptatem odit.', '1992-09-29', '15:48:20', '2023-10-07 10:49:13', '2023-10-07 10:49:13'),
	(28, 3, 'Dignissimos expedita quisquam est quaerat minima.', '1993-04-02', '01:00:25', '2023-10-07 10:49:13', '2023-10-07 10:49:13'),
	(29, 3, 'Fuga ut est fugit omnis nesciunt quia magnam sed.', '2007-04-08', '02:08:00', '2023-10-07 10:49:13', '2023-10-07 10:49:13'),
	(30, 3, 'Ea in molestiae eos sit asperiores sed.', '1977-12-02', '18:32:21', '2023-10-07 10:49:13', '2023-10-07 10:49:13'),
	(31, 4, 'Dolorem quidem aliquid rerum esse quod est sed.', '1993-11-10', '01:17:07', '2023-10-07 10:49:13', '2023-10-07 10:49:13'),
	(32, 4, 'Velit quia sit voluptatem sunt.', '1997-01-16', '18:55:35', '2023-10-07 10:49:13', '2023-10-07 10:49:13'),
	(33, 4, 'Aut ducimus facilis corporis vel.', '1993-01-16', '00:38:07', '2023-10-07 10:49:13', '2023-10-07 10:49:13'),
	(34, 4, 'Voluptas quod et pariatur impedit alias.', '1994-02-28', '00:03:29', '2023-10-07 10:49:13', '2023-10-07 10:49:13'),
	(35, 4, 'Nesciunt dolorem dolor at sed voluptas rerum.', '1971-05-02', '19:44:54', '2023-10-07 10:49:13', '2023-10-07 10:49:13'),
	(36, 4, 'Vel et molestias numquam debitis veritatis.', '1977-02-26', '05:15:46', '2023-10-07 10:49:13', '2023-10-07 10:49:13'),
	(37, 4, 'Non libero quo consequuntur delectus.', '2011-12-13', '13:41:49', '2023-10-07 10:49:13', '2023-10-07 10:49:13'),
	(38, 4, 'Sunt suscipit sed odio cupiditate.', '1973-07-16', '13:40:10', '2023-10-07 10:49:13', '2023-10-07 10:49:13'),
	(39, 4, 'Quisquam et officiis fugit.', '2008-12-28', '01:02:33', '2023-10-07 10:49:13', '2023-10-07 10:49:13'),
	(40, 4, 'A id sed at minus.', '2012-10-09', '00:25:04', '2023-10-07 10:49:13', '2023-10-07 10:49:13'),
	(41, 5, 'Non eaque aut saepe in sed.', '1974-01-02', '11:42:49', '2023-10-07 10:49:13', '2023-10-07 10:49:13'),
	(42, 5, 'Dolorem ut minima et in distinctio.', '1981-09-02', '07:33:10', '2023-10-07 10:49:13', '2023-10-07 10:49:13'),
	(43, 5, 'Vel sunt voluptatibus iusto cupiditate.', '2008-04-01', '10:26:07', '2023-10-07 10:49:13', '2023-10-07 10:49:13'),
	(44, 5, 'Est facere similique nemo est architecto libero.', '2014-03-02', '07:21:23', '2023-10-07 10:49:13', '2023-10-07 10:49:13'),
	(45, 5, 'Perferendis maiores eligendi et id.', '2008-05-24', '05:17:33', '2023-10-07 10:49:13', '2023-10-07 10:49:13'),
	(46, 5, 'Itaque rerum doloribus ut.', '1978-08-30', '10:55:54', '2023-10-07 10:49:13', '2023-10-07 10:49:13'),
	(47, 5, 'Quidem iusto ipsa est accusantium.', '1990-06-07', '20:32:21', '2023-10-07 10:49:13', '2023-10-07 10:49:13'),
	(48, 5, 'Eos porro architecto aliquam.', '1997-05-12', '18:10:16', '2023-10-07 10:49:13', '2023-10-07 10:49:13'),
	(49, 5, 'Nesciunt impedit et adipisci quia.', '1977-09-17', '06:20:21', '2023-10-07 10:49:13', '2023-10-07 10:49:13'),
	(50, 5, 'Consequatur accusamus quidem nesciunt autem eos.', '1980-05-27', '01:03:07', '2023-10-07 10:49:13', '2023-10-07 10:49:13'),
	(51, 6, 'Optio facere natus delectus quia ratione.', '1975-03-27', '18:00:08', '2023-10-07 10:49:13', '2023-10-07 10:49:13'),
	(52, 6, 'Nesciunt iure veniam aperiam dolores ut.', '2001-04-13', '21:12:14', '2023-10-07 10:49:13', '2023-10-07 10:49:13'),
	(53, 6, 'Vero quo et error assumenda assumenda quis sed.', '1995-01-10', '01:00:01', '2023-10-07 10:49:13', '2023-10-07 10:49:13'),
	(54, 6, 'Dicta odio rerum perferendis eum.', '1996-10-12', '02:20:48', '2023-10-07 10:49:13', '2023-10-07 10:49:13'),
	(55, 6, 'Adipisci qui vel sapiente.', '2014-02-27', '09:51:35', '2023-10-07 10:49:13', '2023-10-07 10:49:13'),
	(56, 6, 'Eum id qui dolore et.', '1993-05-14', '23:20:14', '2023-10-07 10:49:13', '2023-10-07 10:49:13'),
	(57, 6, 'Totam iste ut magnam sint.', '2014-04-30', '03:36:16', '2023-10-07 10:49:13', '2023-10-07 10:49:13'),
	(58, 6, 'Eum consequatur ea hic doloremque.', '1981-09-17', '08:29:37', '2023-10-07 10:49:13', '2023-10-07 10:49:13'),
	(59, 6, 'Quisquam harum vel qui et ipsa quia quasi.', '2023-09-27', '09:04:52', '2023-10-07 10:49:13', '2023-10-07 10:49:13'),
	(60, 6, 'Distinctio accusantium facere ut.', '2013-06-24', '20:31:03', '2023-10-07 10:49:13', '2023-10-07 10:49:13'),
	(61, 7, 'Aliquam provident libero numquam necessitatibus.', '1991-11-20', '10:22:50', '2023-10-07 10:49:13', '2023-10-07 10:49:13'),
	(62, 7, 'Aut et tempore accusamus et officiis.', '1982-10-02', '17:56:48', '2023-10-07 10:49:13', '2023-10-07 10:49:13'),
	(63, 7, 'Rerum aut temporibus veniam numquam fuga ut.', '2018-06-07', '11:19:18', '2023-10-07 10:49:13', '2023-10-07 10:49:13'),
	(64, 7, 'Est ut vel cumque est exercitationem labore.', '2005-05-14', '00:55:05', '2023-10-07 10:49:13', '2023-10-07 10:49:13'),
	(65, 7, 'Accusantium ab nulla ea blanditiis illum fuga et.', '2019-03-07', '23:10:56', '2023-10-07 10:49:13', '2023-10-07 10:49:13'),
	(66, 7, 'Et at mollitia aut perspiciatis.', '1973-02-10', '15:12:53', '2023-10-07 10:49:13', '2023-10-07 10:49:13'),
	(67, 7, 'Quibusdam mollitia ex enim ut delectus qui ipsum.', '1980-02-15', '23:32:06', '2023-10-07 10:49:13', '2023-10-07 10:49:13'),
	(68, 7, 'Vel ut nisi magni blanditiis odio aut eum.', '1984-02-08', '02:17:29', '2023-10-07 10:49:13', '2023-10-07 10:49:13'),
	(69, 7, 'Deserunt ipsum non pariatur expedita.', '2006-02-25', '08:06:49', '2023-10-07 10:49:13', '2023-10-07 10:49:13'),
	(70, 7, 'Culpa consequatur praesentium ut in.', '1971-03-13', '23:55:24', '2023-10-07 10:49:13', '2023-10-07 10:49:13'),
	(71, 8, 'Qui est rerum velit sint.', '1988-03-24', '08:55:48', '2023-10-07 10:49:13', '2023-10-07 10:49:13'),
	(72, 8, 'Eaque ducimus aliquid excepturi unde aut nemo.', '1992-11-13', '22:39:52', '2023-10-07 10:49:13', '2023-10-07 10:49:13'),
	(73, 8, 'In esse magni deleniti rerum nemo fuga iusto.', '1995-08-13', '19:02:54', '2023-10-07 10:49:13', '2023-10-07 10:49:13'),
	(74, 8, 'Quo saepe voluptas in rerum.', '2012-11-26', '15:24:37', '2023-10-07 10:49:13', '2023-10-07 10:49:13'),
	(75, 8, 'Dolores eum dolor aspernatur facilis ipsa earum.', '2007-12-18', '02:11:55', '2023-10-07 10:49:13', '2023-10-07 10:49:13'),
	(76, 8, 'Incidunt reiciendis et vel quisquam repudiandae.', '1977-05-23', '09:43:49', '2023-10-07 10:49:13', '2023-10-07 10:49:13'),
	(77, 8, 'Eius ut ad voluptatem dignissimos omnis.', '1987-04-01', '21:39:58', '2023-10-07 10:49:13', '2023-10-07 10:49:13'),
	(78, 8, 'Ducimus qui porro eaque eos. Non et fugit magnam.', '1991-12-19', '06:07:51', '2023-10-07 10:49:13', '2023-10-07 10:49:13'),
	(79, 8, 'Quia et et vitae qui.', '1983-04-30', '07:19:51', '2023-10-07 10:49:13', '2023-10-07 10:49:13'),
	(80, 8, 'Eaque aut tenetur natus numquam.', '2013-05-12', '15:07:27', '2023-10-07 10:49:13', '2023-10-07 10:49:13'),
	(81, 9, 'Qui dicta totam nisi voluptatum molestiae illum.', '2012-08-14', '19:44:56', '2023-10-07 10:49:13', '2023-10-07 10:49:13'),
	(82, 9, 'Vitae quibusdam beatae natus dolores animi dicta.', '2009-09-27', '13:02:29', '2023-10-07 10:49:13', '2023-10-07 10:49:13'),
	(83, 9, 'Iste id sint praesentium et aut.', '1973-07-17', '06:06:50', '2023-10-07 10:49:13', '2023-10-07 10:49:13'),
	(84, 9, 'Impedit magni fuga porro sed amet.', '1998-01-07', '09:56:16', '2023-10-07 10:49:13', '2023-10-07 10:49:13'),
	(85, 9, 'Cupiditate eos quis rerum sit non.', '1971-03-02', '16:18:49', '2023-10-07 10:49:13', '2023-10-07 10:49:13'),
	(86, 9, 'Consequuntur aut vitae dicta quo.', '2013-05-23', '12:43:14', '2023-10-07 10:49:13', '2023-10-07 10:49:13'),
	(87, 9, 'Quaerat odio ut adipisci et.', '1988-08-02', '00:15:19', '2023-10-07 10:49:13', '2023-10-07 10:49:13'),
	(88, 9, 'Illum error in molestias magnam velit voluptate.', '1977-07-28', '23:31:53', '2023-10-07 10:49:13', '2023-10-07 10:49:13'),
	(89, 9, 'Sequi expedita omnis sit est et eos.', '1995-12-27', '07:50:57', '2023-10-07 10:49:13', '2023-10-07 10:49:13'),
	(90, 9, 'Qui est et expedita eos qui.', '2003-09-05', '04:54:20', '2023-10-07 10:49:13', '2023-10-07 10:49:13'),
	(91, 10, 'Omnis sed ipsum ut doloribus.', '2019-02-05', '00:41:01', '2023-10-07 10:49:13', '2023-10-07 10:49:13'),
	(92, 10, 'Sunt itaque exercitationem molestiae magnam.', '2009-09-21', '06:54:18', '2023-10-07 10:49:13', '2023-10-07 10:49:13'),
	(93, 10, 'Quisquam non occaecati atque atque dolor sit.', '2006-01-25', '07:20:02', '2023-10-07 10:49:13', '2023-10-07 10:49:13'),
	(94, 10, 'Reprehenderit quia est itaque voluptates.', '2016-02-04', '17:00:18', '2023-10-07 10:49:13', '2023-10-07 10:49:13'),
	(95, 10, 'Non eos sequi in dolor id.', '1973-02-21', '07:15:05', '2023-10-07 10:49:13', '2023-10-07 10:49:13'),
	(96, 10, 'Nemo ipsam sunt tempore dicta omnis est.', '1988-11-30', '05:34:06', '2023-10-07 10:49:13', '2023-10-07 10:49:13'),
	(97, 10, 'Tenetur esse optio aut adipisci harum.', '1985-09-25', '01:35:33', '2023-10-07 10:49:13', '2023-10-07 10:49:13'),
	(98, 10, 'Sequi autem in consequuntur ut aut.', '1993-03-27', '03:02:13', '2023-10-07 10:49:13', '2023-10-07 10:49:13'),
	(99, 10, 'Quas qui nostrum earum et.', '2007-05-02', '14:47:54', '2023-10-07 10:49:13', '2023-10-07 10:49:13'),
	(100, 10, 'Nemo dolores et necessitatibus et omnis in eos.', '1974-08-17', '21:57:35', '2023-10-07 10:49:13', '2023-10-07 10:49:13'),
	(101, 11, 'Consectetur vero reprehenderit eius recusandae.', '2023-04-23', '18:51:26', '2023-10-07 10:49:13', '2023-10-07 10:49:13'),
	(102, 11, 'Temporibus qui officiis et et.', '1999-04-22', '19:55:05', '2023-10-07 10:49:13', '2023-10-07 10:49:13'),
	(103, 11, 'Inventore omnis aut sed dignissimos vel sunt.', '2016-01-30', '18:13:39', '2023-10-07 10:49:13', '2023-10-07 10:49:13'),
	(104, 11, 'Autem placeat et et. Et aut autem quas dolorum.', '2014-02-25', '06:24:40', '2023-10-07 10:49:13', '2023-10-07 10:49:13'),
	(105, 11, 'Minus unde qui minus sit voluptates et.', '2018-06-21', '21:29:32', '2023-10-07 10:49:13', '2023-10-07 10:49:13'),
	(106, 11, 'Est corrupti nesciunt optio et.', '1993-05-07', '14:11:53', '2023-10-07 10:49:13', '2023-10-07 10:49:13'),
	(107, 11, 'Ex id placeat animi quia natus.', '1974-04-30', '04:19:13', '2023-10-07 10:49:13', '2023-10-07 10:49:13'),
	(108, 11, 'Asperiores laborum ut earum fugit.', '1972-01-28', '12:58:05', '2023-10-07 10:49:13', '2023-10-07 10:49:13'),
	(109, 11, 'Ea dignissimos debitis ducimus veniam.', '1988-07-08', '11:18:38', '2023-10-07 10:49:13', '2023-10-07 10:49:13'),
	(110, 11, 'Ut ut et dicta et.', '1981-12-12', '16:59:19', '2023-10-07 10:49:13', '2023-10-07 10:49:13'),
	(111, 12, 'Ipsam ipsam inventore odio dolorem ut minus.', '1976-10-06', '21:17:14', '2023-10-07 10:49:13', '2023-10-07 10:49:13'),
	(112, 12, 'Id quia fuga ut debitis minima aperiam officia.', '2007-02-10', '21:25:31', '2023-10-07 10:49:13', '2023-10-07 10:49:13'),
	(113, 12, 'Ipsam et adipisci impedit dicta quia quam ipsa.', '1995-03-17', '14:48:19', '2023-10-07 10:49:13', '2023-10-07 10:49:13'),
	(114, 12, 'Eius odio ut dolorem aut.', '1971-01-25', '22:33:33', '2023-10-07 10:49:13', '2023-10-07 10:49:13'),
	(115, 12, 'Tempora ex rem doloribus et nemo qui et ullam.', '1980-01-10', '05:58:55', '2023-10-07 10:49:13', '2023-10-07 10:49:13'),
	(116, 12, 'Qui iste nemo est consequuntur nobis ut.', '2010-09-26', '16:24:27', '2023-10-07 10:49:13', '2023-10-07 10:49:13'),
	(117, 12, 'Nostrum id vel tenetur ex veritatis porro.', '2012-05-18', '13:35:13', '2023-10-07 10:49:13', '2023-10-07 10:49:13'),
	(118, 12, 'Consequatur dicta dolor in voluptatem dolores.', '1982-06-25', '00:29:21', '2023-10-07 10:49:13', '2023-10-07 10:49:13'),
	(119, 12, 'Odit officia est praesentium et doloribus.', '2017-03-19', '22:26:56', '2023-10-07 10:49:13', '2023-10-07 10:49:13'),
	(120, 12, 'Occaecati at sunt reiciendis iusto autem.', '1971-07-18', '03:28:29', '2023-10-07 10:49:13', '2023-10-07 10:49:13'),
	(121, 13, 'Odit minus repellat mollitia illum.', '1997-07-11', '19:59:38', '2023-10-07 10:49:13', '2023-10-07 10:49:13'),
	(122, 13, 'Dolorem a molestiae qui nemo quaerat.', '1973-02-11', '11:46:44', '2023-10-07 10:49:13', '2023-10-07 10:49:13'),
	(123, 13, 'Doloribus saepe facilis porro molestiae.', '1988-09-30', '19:57:30', '2023-10-07 10:49:13', '2023-10-07 10:49:13'),
	(124, 13, 'Quia excepturi ut ipsum.', '2010-08-15', '08:56:15', '2023-10-07 10:49:13', '2023-10-07 10:49:13'),
	(125, 13, 'Suscipit laborum reprehenderit deserunt sapiente.', '1981-08-15', '06:30:27', '2023-10-07 10:49:13', '2023-10-07 10:49:13'),
	(126, 13, 'Minus eos nostrum totam temporibus nobis.', '2007-11-08', '05:05:26', '2023-10-07 10:49:13', '2023-10-07 10:49:13'),
	(127, 13, 'Quia facilis quam ipsum ut.', '2017-07-11', '14:10:08', '2023-10-07 10:49:13', '2023-10-07 10:49:13'),
	(128, 13, 'Qui et rem aut repellat id autem tempora.', '2017-04-12', '03:26:55', '2023-10-07 10:49:13', '2023-10-07 10:49:13'),
	(129, 13, 'Quia magni dolores magni voluptatem.', '2016-09-13', '06:15:00', '2023-10-07 10:49:13', '2023-10-07 10:49:13'),
	(130, 13, 'Aperiam nesciunt et labore omnis eum at.', '2014-03-22', '23:18:18', '2023-10-07 10:49:13', '2023-10-07 10:49:13'),
	(131, 14, 'Quo aliquid accusamus ut qui explicabo.', '2008-07-19', '18:36:49', '2023-10-07 10:49:13', '2023-10-07 10:49:13'),
	(132, 14, 'Sed vel nam aperiam rerum eaque.', '2015-03-31', '00:41:55', '2023-10-07 10:49:13', '2023-10-07 10:49:13'),
	(133, 14, 'Voluptatem rerum consequatur unde.', '1978-10-29', '14:43:10', '2023-10-07 10:49:13', '2023-10-07 10:49:13'),
	(134, 14, 'Facilis consequatur autem laboriosam.', '2022-07-06', '21:53:43', '2023-10-07 10:49:13', '2023-10-07 10:49:13'),
	(135, 14, 'Laboriosam facere occaecati labore error.', '1979-01-14', '00:16:22', '2023-10-07 10:49:13', '2023-10-07 10:49:13'),
	(136, 14, 'Vitae et commodi sequi sed quae deleniti aliquam.', '1983-10-22', '13:05:56', '2023-10-07 10:49:13', '2023-10-07 10:49:13'),
	(137, 14, 'Amet aut laudantium deserunt iusto id.', '1985-08-29', '20:59:29', '2023-10-07 10:49:13', '2023-10-07 10:49:13'),
	(138, 14, 'Et omnis repudiandae magni.', '1993-04-12', '10:39:03', '2023-10-07 10:49:13', '2023-10-07 10:49:13'),
	(139, 14, 'Fugiat est voluptatem sit veritatis placeat.', '2008-12-17', '23:28:35', '2023-10-07 10:49:13', '2023-10-07 10:49:13'),
	(140, 14, 'Dicta commodi veniam odio cum a et quibusdam.', '1974-01-02', '22:42:11', '2023-10-07 10:49:13', '2023-10-07 10:49:13'),
	(141, 15, 'Magni harum aliquam aliquam qui numquam.', '2004-12-19', '03:35:06', '2023-10-07 10:49:13', '2023-10-07 10:49:13'),
	(142, 15, 'Dicta dolore dolor dolores nisi.', '1994-08-10', '19:14:54', '2023-10-07 10:49:13', '2023-10-07 10:49:13'),
	(143, 15, 'Unde iusto unde quod vitae eum animi.', '1981-03-21', '18:24:26', '2023-10-07 10:49:13', '2023-10-07 10:49:13'),
	(144, 15, 'Reiciendis odit inventore quod.', '2004-09-19', '22:29:57', '2023-10-07 10:49:13', '2023-10-07 10:49:13'),
	(145, 15, 'Quibusdam quia quibusdam consequuntur.', '2005-12-14', '18:21:46', '2023-10-07 10:49:13', '2023-10-07 10:49:13'),
	(146, 15, 'Aut dolore ab fuga quis et ut.', '1976-03-14', '20:22:08', '2023-10-07 10:49:13', '2023-10-07 10:49:13'),
	(147, 15, 'Consequatur rerum quia vero et autem.', '2021-12-03', '03:39:14', '2023-10-07 10:49:13', '2023-10-07 10:49:13'),
	(148, 15, 'Magnam et dolore enim natus nihil.', '1987-12-11', '01:50:58', '2023-10-07 10:49:13', '2023-10-07 10:49:13'),
	(149, 15, 'Corrupti dolor quas et officiis quos.', '1973-02-05', '20:05:00', '2023-10-07 10:49:13', '2023-10-07 10:49:13'),
	(150, 15, 'Sit vel velit provident veniam.', '2017-06-02', '20:45:35', '2023-10-07 10:49:13', '2023-10-07 10:49:13'),
	(151, 16, 'Quaerat maxime dolor ab.', '1987-11-16', '23:31:23', '2023-10-07 10:49:13', '2023-10-07 10:49:13'),
	(152, 16, 'Nulla beatae atque magnam quia a.', '2022-02-07', '03:22:20', '2023-10-07 10:49:13', '2023-10-07 10:49:13'),
	(153, 16, 'Eum quis recusandae alias.', '2017-09-11', '22:17:02', '2023-10-07 10:49:13', '2023-10-07 10:49:13'),
	(154, 16, 'Non quia perferendis ea.', '1975-05-28', '02:09:09', '2023-10-07 10:49:13', '2023-10-07 10:49:13'),
	(155, 16, 'Voluptatem dolorem inventore fuga quod id ipsa.', '2001-03-13', '16:59:03', '2023-10-07 10:49:13', '2023-10-07 10:49:13'),
	(156, 16, 'Corrupti vero dolores neque consequuntur id unde.', '2001-11-11', '06:08:17', '2023-10-07 10:49:13', '2023-10-07 10:49:13'),
	(157, 16, 'At neque blanditiis esse officiis.', '1980-12-31', '10:49:13', '2023-10-07 10:49:13', '2023-10-07 10:49:13'),
	(158, 16, 'Doloremque maxime et quo deserunt.', '2015-03-10', '11:46:36', '2023-10-07 10:49:13', '2023-10-07 10:49:13'),
	(159, 16, 'Eaque sed dolorem iure sequi quia et numquam.', '1989-05-21', '02:27:00', '2023-10-07 10:49:13', '2023-10-07 10:49:13'),
	(160, 16, 'Provident nesciunt molestiae quia ducimus at.', '2005-12-08', '13:32:11', '2023-10-07 10:49:13', '2023-10-07 10:49:13'),
	(161, 17, 'Molestiae non molestias officia a earum et est.', '1980-10-25', '09:18:53', '2023-10-07 10:49:13', '2023-10-07 10:49:13'),
	(162, 17, 'Aliquam libero blanditiis et possimus.', '2022-11-05', '18:38:19', '2023-10-07 10:49:13', '2023-10-07 10:49:13'),
	(163, 17, 'Repellendus aut dolores rem fugit corrupti.', '2001-02-15', '12:32:27', '2023-10-07 10:49:13', '2023-10-07 10:49:13'),
	(164, 17, 'Quia nesciunt sunt pariatur est ut nihil.', '2018-11-16', '13:00:59', '2023-10-07 10:49:13', '2023-10-07 10:49:13'),
	(165, 17, 'Esse sint rem alias eius.', '1993-08-20', '13:10:30', '2023-10-07 10:49:13', '2023-10-07 10:49:13'),
	(166, 17, 'Alias quo perferendis eum vitae nihil pariatur.', '2002-10-18', '20:30:46', '2023-10-07 10:49:13', '2023-10-07 10:49:13'),
	(167, 17, 'Eaque esse nesciunt quis.', '1974-05-22', '06:50:10', '2023-10-07 10:49:13', '2023-10-07 10:49:13'),
	(168, 17, 'Sint esse rerum est possimus.', '2002-09-01', '06:14:15', '2023-10-07 10:49:13', '2023-10-07 10:49:13'),
	(169, 17, 'Ad quaerat quae eligendi sunt aliquam.', '2012-06-04', '17:04:13', '2023-10-07 10:49:13', '2023-10-07 10:49:13'),
	(170, 17, 'Tenetur corrupti dicta vitae esse ut.', '2013-06-27', '01:23:55', '2023-10-07 10:49:13', '2023-10-07 10:49:13'),
	(171, 18, 'Deserunt rem quisquam ut reiciendis.', '1992-02-22', '19:26:17', '2023-10-07 10:49:13', '2023-10-07 10:49:13'),
	(172, 18, 'Qui et odit sint. Sint vero rerum quibusdam id.', '2013-07-02', '23:58:53', '2023-10-07 10:49:13', '2023-10-07 10:49:13'),
	(173, 18, 'Ut quam recusandae quo atque.', '2004-06-27', '06:51:37', '2023-10-07 10:49:13', '2023-10-07 10:49:13'),
	(174, 18, 'Aliquam tempore qui et est qui rem quia veniam.', '1976-02-20', '04:52:40', '2023-10-07 10:49:13', '2023-10-07 10:49:13'),
	(175, 18, 'Est dolores qui autem maiores.', '1974-02-05', '14:30:57', '2023-10-07 10:49:13', '2023-10-07 10:49:13'),
	(176, 18, 'Praesentium dolorum et aut eos illum.', '2005-04-04', '23:05:34', '2023-10-07 10:49:13', '2023-10-07 10:49:13'),
	(177, 18, 'Excepturi asperiores et vel.', '1985-08-09', '11:49:38', '2023-10-07 10:49:13', '2023-10-07 10:49:13'),
	(178, 18, 'Commodi a consequatur quaerat aut.', '1979-05-06', '12:15:56', '2023-10-07 10:49:13', '2023-10-07 10:49:13'),
	(179, 18, 'Eaque aut quae quos adipisci ea.', '1980-09-03', '17:02:41', '2023-10-07 10:49:13', '2023-10-07 10:49:13'),
	(180, 18, 'Qui repudiandae amet reiciendis.', '2023-02-23', '00:14:32', '2023-10-07 10:49:13', '2023-10-07 10:49:13'),
	(181, 19, 'Est eius laudantium nostrum.', '2022-11-21', '15:33:17', '2023-10-07 10:49:13', '2023-10-07 10:49:13'),
	(182, 19, 'Recusandae enim ullam minima commodi.', '2023-08-03', '18:38:17', '2023-10-07 10:49:13', '2023-10-07 10:49:13'),
	(183, 19, 'Sint unde et magnam voluptatem.', '1986-05-13', '20:28:31', '2023-10-07 10:49:13', '2023-10-07 10:49:13'),
	(184, 19, 'Culpa quaerat ut et rerum nostrum minima dolorum.', '1972-02-07', '08:42:50', '2023-10-07 10:49:13', '2023-10-07 10:49:13'),
	(185, 19, 'Esse et rerum omnis quia id.', '1979-05-01', '03:05:46', '2023-10-07 10:49:13', '2023-10-07 10:49:13'),
	(186, 19, 'Aut illum vitae et cum architecto porro tempore.', '2022-08-23', '00:49:08', '2023-10-07 10:49:13', '2023-10-07 10:49:13'),
	(187, 19, 'Eos voluptas modi qui quia sit maxime quidem.', '2018-09-29', '07:20:17', '2023-10-07 10:49:13', '2023-10-07 10:49:13'),
	(188, 19, 'Earum perferendis sed error sit.', '1991-10-28', '11:25:49', '2023-10-07 10:49:13', '2023-10-07 10:49:13'),
	(189, 19, 'Quam tempora nihil voluptatem maiores quia.', '2005-04-05', '02:38:04', '2023-10-07 10:49:13', '2023-10-07 10:49:13'),
	(190, 19, 'Nihil aut mollitia officiis labore rem cum.', '1975-08-17', '09:13:27', '2023-10-07 10:49:13', '2023-10-07 10:49:13'),
	(191, 20, 'Eum quae placeat eaque cumque atque nihil.', '1973-08-17', '20:57:34', '2023-10-07 10:49:13', '2023-10-07 10:49:13'),
	(192, 20, 'Vel voluptas ut quas.', '2001-12-24', '12:00:07', '2023-10-07 10:49:13', '2023-10-07 10:49:13'),
	(193, 20, 'Id quo qui eius aspernatur sed quasi.', '2020-12-19', '18:10:25', '2023-10-07 10:49:13', '2023-10-07 10:49:13'),
	(194, 20, 'Qui omnis animi molestiae quis possimus aliquid.', '2003-09-19', '16:43:39', '2023-10-07 10:49:13', '2023-10-07 10:49:13'),
	(195, 20, 'Distinctio rem quas nihil et placeat.', '1974-03-14', '03:52:49', '2023-10-07 10:49:13', '2023-10-07 10:49:13'),
	(196, 20, 'Ea veritatis adipisci dolores aut voluptatem eum.', '2012-10-01', '23:30:39', '2023-10-07 10:49:13', '2023-10-07 10:49:13'),
	(197, 20, 'Qui explicabo doloremque eius rerum.', '1977-04-07', '19:02:22', '2023-10-07 10:49:13', '2023-10-07 10:49:13'),
	(198, 20, 'Sapiente sed amet et.', '1999-09-12', '05:58:31', '2023-10-07 10:49:13', '2023-10-07 10:49:13'),
	(199, 20, 'Laboriosam iste vitae magnam voluptas.', '1980-10-04', '13:34:58', '2023-10-07 10:49:13', '2023-10-07 10:49:13'),
	(200, 20, 'Et libero nemo explicabo sed ex exercitationem.', '1977-08-15', '10:13:24', '2023-10-07 10:49:13', '2023-10-07 10:49:13'),
	(201, 21, 'Et nemo totam sit quia eius.', '2005-08-15', '01:32:21', '2023-10-07 10:49:13', '2023-10-07 10:49:13'),
	(202, 21, 'Aut assumenda saepe mollitia sed id.', '1979-11-22', '11:25:49', '2023-10-07 10:49:13', '2023-10-07 10:49:13'),
	(203, 21, 'Praesentium occaecati qui accusamus corporis.', '1972-03-14', '23:58:41', '2023-10-07 10:49:13', '2023-10-07 10:49:13'),
	(204, 21, 'Provident quo tempore perferendis.', '2004-01-05', '02:42:03', '2023-10-07 10:49:13', '2023-10-07 10:49:13'),
	(205, 21, 'Dolores enim quod culpa rem.', '1971-07-31', '18:10:04', '2023-10-07 10:49:13', '2023-10-07 10:49:13'),
	(206, 21, 'Nobis repellendus autem ea praesentium.', '1971-09-02', '01:25:51', '2023-10-07 10:49:13', '2023-10-07 10:49:13'),
	(207, 21, 'Et ad velit repellendus similique.', '1970-07-19', '16:31:37', '2023-10-07 10:49:13', '2023-10-07 10:49:13'),
	(208, 21, 'Sit praesentium necessitatibus sunt non.', '2002-11-07', '06:49:35', '2023-10-07 10:49:13', '2023-10-07 10:49:13'),
	(209, 21, 'Nostrum sit amet cumque sit qui esse maiores.', '2020-02-28', '07:15:22', '2023-10-07 10:49:13', '2023-10-07 10:49:13'),
	(210, 21, 'Molestiae officia ut nulla rem.', '1994-03-30', '17:54:13', '2023-10-07 10:49:13', '2023-10-07 10:49:13'),
	(211, 22, 'Labore qui rerum suscipit consequatur.', '1992-05-17', '10:42:21', '2023-10-07 10:49:13', '2023-10-07 10:49:13'),
	(212, 22, 'Non dolorem et in.', '2016-01-09', '13:15:41', '2023-10-07 10:49:13', '2023-10-07 10:49:13'),
	(213, 22, 'Ullam pariatur omnis nobis vel ipsam vel ut ipsa.', '1995-11-11', '09:36:01', '2023-10-07 10:49:13', '2023-10-07 10:49:13'),
	(214, 22, 'Accusantium et et eum et excepturi qui eius qui.', '2008-02-16', '05:07:45', '2023-10-07 10:49:13', '2023-10-07 10:49:13'),
	(215, 22, 'Tempora eum ut sit sed quia quos.', '1999-05-25', '07:40:07', '2023-10-07 10:49:13', '2023-10-07 10:49:13'),
	(216, 22, 'Nobis perferendis et illum et nobis ipsa earum.', '2009-07-28', '11:54:38', '2023-10-07 10:49:13', '2023-10-07 10:49:13'),
	(217, 22, 'Ipsum voluptatem dicta voluptatem nihil.', '1975-03-13', '08:27:30', '2023-10-07 10:49:13', '2023-10-07 10:49:13'),
	(218, 22, 'Quia aut voluptatem ab quia officiis rem.', '1994-06-01', '12:05:52', '2023-10-07 10:49:13', '2023-10-07 10:49:13'),
	(219, 22, 'Qui dolor quia qui distinctio.', '1991-05-23', '02:29:53', '2023-10-07 10:49:13', '2023-10-07 10:49:13'),
	(220, 22, 'Quibusdam voluptatem magni magnam qui.', '1972-03-12', '17:41:37', '2023-10-07 10:49:13', '2023-10-07 10:49:13'),
	(221, 23, 'Voluptatum et eum impedit tempora ad.', '1987-02-26', '15:46:22', '2023-10-07 10:49:13', '2023-10-07 10:49:13'),
	(222, 23, 'Nihil odio voluptatum maxime totam voluptatem.', '2000-09-23', '09:17:38', '2023-10-07 10:49:13', '2023-10-07 10:49:13'),
	(223, 23, 'Sapiente nam alias qui corporis et natus atque.', '1977-06-20', '16:01:21', '2023-10-07 10:49:13', '2023-10-07 10:49:13'),
	(224, 23, 'Quia ea ad molestiae laudantium totam omnis.', '1983-09-16', '10:29:23', '2023-10-07 10:49:13', '2023-10-07 10:49:13'),
	(225, 23, 'Et mollitia quo necessitatibus repellat.', '1980-07-03', '02:16:33', '2023-10-07 10:49:13', '2023-10-07 10:49:13'),
	(226, 23, 'Sed quibusdam placeat possimus repudiandae modi.', '2014-06-04', '13:42:43', '2023-10-07 10:49:13', '2023-10-07 10:49:13'),
	(227, 23, 'Inventore similique dolores sit omnis excepturi.', '1976-06-23', '05:13:48', '2023-10-07 10:49:13', '2023-10-07 10:49:13'),
	(228, 23, 'Voluptas et accusamus eius sint optio.', '1970-10-13', '03:43:40', '2023-10-07 10:49:13', '2023-10-07 10:49:13'),
	(229, 23, 'Voluptatem ab atque facilis iure.', '1999-05-09', '22:07:09', '2023-10-07 10:49:13', '2023-10-07 10:49:13'),
	(230, 23, 'Ut aut voluptate nesciunt sit harum maiores et.', '1987-10-25', '17:31:23', '2023-10-07 10:49:13', '2023-10-07 10:49:13'),
	(231, 24, 'Esse est magni repudiandae occaecati minima ut.', '2004-07-29', '09:51:57', '2023-10-07 10:49:13', '2023-10-07 10:49:13'),
	(232, 24, 'Esse magni voluptas amet impedit.', '1978-11-09', '08:20:37', '2023-10-07 10:49:13', '2023-10-07 10:49:13'),
	(233, 24, 'Qui voluptas velit esse laborum.', '1985-09-06', '07:45:41', '2023-10-07 10:49:13', '2023-10-07 10:49:13'),
	(234, 24, 'Alias placeat dolorem ad vel minima a in.', '1974-09-15', '10:55:48', '2023-10-07 10:49:13', '2023-10-07 10:49:13'),
	(235, 24, 'Placeat illo nam dolorum quia blanditiis et.', '2011-09-10', '21:08:30', '2023-10-07 10:49:13', '2023-10-07 10:49:13'),
	(236, 24, 'Dolorem illo similique iure sed dolores.', '2020-07-07', '23:58:36', '2023-10-07 10:49:13', '2023-10-07 10:49:13'),
	(237, 24, 'Velit unde nulla ratione.', '2019-04-17', '21:31:03', '2023-10-07 10:49:13', '2023-10-07 10:49:13'),
	(238, 24, 'Ut non veniam qui.', '2001-04-09', '13:24:41', '2023-10-07 10:49:13', '2023-10-07 10:49:13'),
	(239, 24, 'Omnis rerum quas minus.', '1991-12-23', '23:49:21', '2023-10-07 10:49:13', '2023-10-07 10:49:13'),
	(240, 24, 'Numquam doloribus repellendus tenetur atque ea.', '2015-08-07', '11:41:29', '2023-10-07 10:49:13', '2023-10-07 10:49:13'),
	(241, 25, 'Dolores eaque quam magni aperiam velit voluptate.', '1994-01-23', '06:57:55', '2023-10-07 10:49:13', '2023-10-07 10:49:13'),
	(242, 25, 'Delectus non quis sed dignissimos.', '1995-11-08', '05:16:25', '2023-10-07 10:49:13', '2023-10-07 10:49:13'),
	(243, 25, 'Labore quisquam laboriosam rerum ipsam.', '2016-03-01', '10:36:34', '2023-10-07 10:49:13', '2023-10-07 10:49:13'),
	(244, 25, 'Consequatur laborum a nam non nisi numquam autem.', '1996-11-28', '08:18:21', '2023-10-07 10:49:13', '2023-10-07 10:49:13'),
	(245, 25, 'Suscipit voluptate aliquid laudantium tempora.', '1995-04-03', '01:27:05', '2023-10-07 10:49:13', '2023-10-07 10:49:13'),
	(246, 25, 'Ipsam quia omnis omnis.', '2012-03-13', '13:06:55', '2023-10-07 10:49:13', '2023-10-07 10:49:13'),
	(247, 25, 'Totam soluta illum optio neque.', '2016-01-13', '18:07:28', '2023-10-07 10:49:13', '2023-10-07 10:49:13'),
	(248, 25, 'Quia quia quasi accusamus esse aut iure qui.', '2020-03-26', '19:13:24', '2023-10-07 10:49:13', '2023-10-07 10:49:13'),
	(249, 25, 'Voluptatem aut aut quia consequatur.', '2017-07-26', '20:39:58', '2023-10-07 10:49:13', '2023-10-07 10:49:13'),
	(250, 25, 'Et est enim cum.', '2010-02-19', '06:26:53', '2023-10-07 10:49:13', '2023-10-07 10:49:13'),
	(251, 26, 'Eum adipisci debitis aliquid temporibus.', '2017-08-13', '22:41:06', '2023-10-07 10:49:13', '2023-10-07 10:49:13'),
	(252, 26, 'Autem quis libero quia eum provident.', '2019-02-23', '23:12:53', '2023-10-07 10:49:13', '2023-10-07 10:49:13'),
	(253, 26, 'Velit odit est quo aut inventore quasi tempore.', '1998-02-01', '02:56:16', '2023-10-07 10:49:13', '2023-10-07 10:49:13'),
	(254, 26, 'Nostrum natus laborum sit facere.', '1990-06-25', '18:01:40', '2023-10-07 10:49:13', '2023-10-07 10:49:13'),
	(255, 26, 'Sed qui asperiores facere voluptatum et ut quis.', '2002-09-24', '10:16:08', '2023-10-07 10:49:13', '2023-10-07 10:49:13'),
	(256, 26, 'Delectus magni et perferendis quo.', '2018-04-09', '16:14:05', '2023-10-07 10:49:13', '2023-10-07 10:49:13'),
	(257, 26, 'Architecto iure laudantium consequatur.', '2020-03-01', '08:22:37', '2023-10-07 10:49:13', '2023-10-07 10:49:13'),
	(258, 26, 'Dolores ea veritatis dolores id.', '1991-09-15', '04:32:44', '2023-10-07 10:49:13', '2023-10-07 10:49:13'),
	(259, 26, 'Ut aut fuga eius facilis officiis nostrum.', '1975-12-09', '07:41:41', '2023-10-07 10:49:13', '2023-10-07 10:49:13'),
	(260, 26, 'Rerum quia cum autem voluptates.', '1996-08-28', '15:01:06', '2023-10-07 10:49:13', '2023-10-07 10:49:13'),
	(261, 27, 'Facere fuga ad a id.', '2001-02-07', '16:12:41', '2023-10-07 10:49:13', '2023-10-07 10:49:13'),
	(262, 27, 'Quisquam voluptatibus facilis illum nulla.', '1987-08-09', '15:57:43', '2023-10-07 10:49:13', '2023-10-07 10:49:13'),
	(263, 27, 'Veritatis omnis molestias natus ea.', '1987-04-04', '18:43:24', '2023-10-07 10:49:13', '2023-10-07 10:49:13'),
	(264, 27, 'Officia nihil est sapiente enim.', '1973-04-01', '22:10:37', '2023-10-07 10:49:13', '2023-10-07 10:49:13'),
	(265, 27, 'Error alias odit tempore.', '1992-11-10', '07:57:30', '2023-10-07 10:49:13', '2023-10-07 10:49:13'),
	(266, 27, 'Magni consequatur fugit et cum.', '1996-12-13', '06:01:13', '2023-10-07 10:49:13', '2023-10-07 10:49:13'),
	(267, 27, 'Et corrupti est sapiente sit natus.', '1992-04-11', '21:54:25', '2023-10-07 10:49:13', '2023-10-07 10:49:13'),
	(268, 27, 'Eligendi quia adipisci repellendus fugiat ea.', '2019-04-08', '08:31:29', '2023-10-07 10:49:13', '2023-10-07 10:49:13'),
	(269, 27, 'Voluptas sit amet enim quidem.', '1977-08-29', '15:17:12', '2023-10-07 10:49:13', '2023-10-07 10:49:13'),
	(270, 27, 'Blanditiis et harum id quia modi laborum.', '2015-12-16', '12:36:54', '2023-10-07 10:49:13', '2023-10-07 10:49:13'),
	(271, 28, 'Officia ipsam rerum dolorem sit.', '1996-05-27', '08:45:49', '2023-10-07 10:49:13', '2023-10-07 10:49:13'),
	(272, 28, 'Rerum et quis sunt ut temporibus molestiae non.', '1998-12-20', '08:42:46', '2023-10-07 10:49:13', '2023-10-07 10:49:13'),
	(273, 28, 'Et sint inventore voluptas consequatur.', '1981-09-06', '00:12:45', '2023-10-07 10:49:13', '2023-10-07 10:49:13'),
	(274, 28, 'Est eaque est aperiam rerum deserunt maiores.', '2019-04-08', '18:13:38', '2023-10-07 10:49:13', '2023-10-07 10:49:13'),
	(275, 28, 'Explicabo ipsa rerum ab incidunt molestiae.', '1986-10-05', '00:11:07', '2023-10-07 10:49:13', '2023-10-07 10:49:13'),
	(276, 28, 'At repellendus sequi dolorem ut ipsam magni vel.', '1987-10-13', '18:12:50', '2023-10-07 10:49:13', '2023-10-07 10:49:13'),
	(277, 28, 'Illum quis dolores ea qui eveniet at omnis ad.', '2009-04-27', '15:25:57', '2023-10-07 10:49:13', '2023-10-07 10:49:13'),
	(278, 28, 'Accusamus voluptas facere sit quis nam.', '1987-10-26', '03:12:38', '2023-10-07 10:49:13', '2023-10-07 10:49:13'),
	(279, 28, 'Ab soluta beatae quis beatae non reiciendis.', '2009-05-31', '16:18:02', '2023-10-07 10:49:13', '2023-10-07 10:49:13'),
	(280, 28, 'Sit tempore voluptates nulla voluptas temporibus.', '1988-01-09', '21:29:22', '2023-10-07 10:49:13', '2023-10-07 10:49:13'),
	(281, 29, 'Optio nobis sed sint consequatur.', '1973-11-24', '06:34:55', '2023-10-07 10:49:13', '2023-10-07 10:49:13'),
	(282, 29, 'Tempora nesciunt vitae aut aperiam.', '1982-10-29', '18:44:54', '2023-10-07 10:49:13', '2023-10-07 10:49:13'),
	(283, 29, 'Aut repudiandae esse voluptatem expedita.', '1973-04-26', '06:32:06', '2023-10-07 10:49:13', '2023-10-07 10:49:13'),
	(284, 29, 'Veniam neque ut atque repudiandae.', '1989-11-17', '11:53:19', '2023-10-07 10:49:13', '2023-10-07 10:49:13'),
	(285, 29, 'Nisi accusantium dicta nihil doloribus aut.', '2001-08-04', '17:09:06', '2023-10-07 10:49:13', '2023-10-07 10:49:13'),
	(286, 29, 'Unde magnam sed voluptatem molestias.', '1991-12-13', '16:55:41', '2023-10-07 10:49:13', '2023-10-07 10:49:13'),
	(287, 29, 'Ut occaecati voluptatem esse dolor ut iusto aut.', '1982-01-03', '08:51:02', '2023-10-07 10:49:13', '2023-10-07 10:49:13'),
	(288, 29, 'Blanditiis voluptas ipsum et voluptatem velit.', '1996-10-22', '22:38:40', '2023-10-07 10:49:13', '2023-10-07 10:49:13'),
	(289, 29, 'Omnis eum minus amet et.', '2011-08-21', '07:40:05', '2023-10-07 10:49:13', '2023-10-07 10:49:13'),
	(290, 29, 'Repellat consequatur laudantium sunt vero.', '1987-08-10', '04:40:44', '2023-10-07 10:49:13', '2023-10-07 10:49:13'),
	(291, 30, 'Reiciendis laborum non earum assumenda labore.', '1981-12-07', '06:24:40', '2023-10-07 10:49:13', '2023-10-07 10:49:13'),
	(292, 30, 'Dolores quia corporis modi ut rerum eveniet sed.', '2022-05-13', '08:22:26', '2023-10-07 10:49:13', '2023-10-07 10:49:13'),
	(293, 30, 'Molestias magni inventore et non et et dolore.', '2005-04-15', '11:20:31', '2023-10-07 10:49:13', '2023-10-07 10:49:13'),
	(294, 30, 'Magnam omnis voluptas aut qui mollitia.', '1986-09-18', '14:13:13', '2023-10-07 10:49:13', '2023-10-07 10:49:13'),
	(295, 30, 'Ea modi repudiandae facere.', '2009-07-21', '19:47:32', '2023-10-07 10:49:13', '2023-10-07 10:49:13'),
	(296, 30, 'Dolor et quo mollitia voluptatibus corrupti.', '2003-03-30', '06:03:43', '2023-10-07 10:49:13', '2023-10-07 10:49:13'),
	(297, 30, 'Dolores nam quisquam rerum ut iure harum.', '1984-07-05', '13:15:30', '2023-10-07 10:49:13', '2023-10-07 10:49:13'),
	(298, 30, 'Cum quia delectus ad.', '1971-10-12', '16:45:20', '2023-10-07 10:49:13', '2023-10-07 10:49:13'),
	(299, 30, 'Accusantium officia est fuga vel natus.', '1978-10-19', '21:08:18', '2023-10-07 10:49:13', '2023-10-07 10:49:13'),
	(300, 30, 'Et vel quidem minus consequatur.', '1975-03-28', '14:34:42', '2023-10-07 10:49:13', '2023-10-07 10:49:13'),
	(301, 31, 'Et vel quidem minus consequatur. NUEVO actualizado', '2023-03-28', '18:34:42', '2023-10-07 13:34:45', '2023-10-07 13:36:55');

-- Volcando estructura para tabla gestion_viajes.migrations
CREATE TABLE IF NOT EXISTS `migrations` (
  `id` int(10) unsigned NOT NULL AUTO_INCREMENT,
  `migration` varchar(255) COLLATE utf8mb4_unicode_ci NOT NULL,
  `batch` int(11) NOT NULL,
  PRIMARY KEY (`id`)
) ENGINE=InnoDB AUTO_INCREMENT=69 DEFAULT CHARSET=utf8mb4 COLLATE=utf8mb4_unicode_ci;

-- Volcando datos para la tabla gestion_viajes.migrations: ~7 rows (aproximadamente)
INSERT INTO `migrations` (`id`, `migration`, `batch`) VALUES
	(62, '2014_10_12_000000_create_users_table', 1),
	(63, '2014_10_12_100000_create_password_reset_tokens_table', 1),
	(64, '2019_08_19_000000_create_failed_jobs_table', 1),
	(65, '2019_12_14_000001_create_personal_access_tokens_table', 1),
	(66, '2023_10_07_052022_create_rutas_table', 1),
	(67, '2023_10_07_052146_create_viajes_table', 1),
	(68, '2023_10_07_052317_create_itinerarios_table', 1);

-- Volcando estructura para tabla gestion_viajes.password_reset_tokens
CREATE TABLE IF NOT EXISTS `password_reset_tokens` (
  `email` varchar(255) COLLATE utf8mb4_unicode_ci NOT NULL,
  `token` varchar(255) COLLATE utf8mb4_unicode_ci NOT NULL,
  `created_at` timestamp NULL DEFAULT NULL,
  PRIMARY KEY (`email`)
) ENGINE=InnoDB DEFAULT CHARSET=utf8mb4 COLLATE=utf8mb4_unicode_ci;

-- Volcando datos para la tabla gestion_viajes.password_reset_tokens: ~0 rows (aproximadamente)

-- Volcando estructura para tabla gestion_viajes.personal_access_tokens
CREATE TABLE IF NOT EXISTS `personal_access_tokens` (
  `id` bigint(20) unsigned NOT NULL AUTO_INCREMENT,
  `tokenable_type` varchar(255) COLLATE utf8mb4_unicode_ci NOT NULL,
  `tokenable_id` bigint(20) unsigned NOT NULL,
  `name` varchar(255) COLLATE utf8mb4_unicode_ci NOT NULL,
  `token` varchar(64) COLLATE utf8mb4_unicode_ci NOT NULL,
  `abilities` text COLLATE utf8mb4_unicode_ci DEFAULT NULL,
  `last_used_at` timestamp NULL DEFAULT NULL,
  `expires_at` timestamp NULL DEFAULT NULL,
  `created_at` timestamp NULL DEFAULT NULL,
  `updated_at` timestamp NULL DEFAULT NULL,
  PRIMARY KEY (`id`),
  UNIQUE KEY `personal_access_tokens_token_unique` (`token`),
  KEY `personal_access_tokens_tokenable_type_tokenable_id_index` (`tokenable_type`,`tokenable_id`)
) ENGINE=InnoDB DEFAULT CHARSET=utf8mb4 COLLATE=utf8mb4_unicode_ci;

-- Volcando datos para la tabla gestion_viajes.personal_access_tokens: ~0 rows (aproximadamente)

-- Volcando estructura para tabla gestion_viajes.rutas
CREATE TABLE IF NOT EXISTS `rutas` (
  `id` bigint(20) unsigned NOT NULL AUTO_INCREMENT,
  `origen` varchar(255) COLLATE utf8mb4_unicode_ci NOT NULL,
  `destino` varchar(255) COLLATE utf8mb4_unicode_ci NOT NULL,
  `duracion` time DEFAULT NULL,
  `distancia` decimal(10,2) DEFAULT NULL,
  `medio_transporte` varchar(255) COLLATE utf8mb4_unicode_ci DEFAULT NULL,
  `created_at` timestamp NULL DEFAULT NULL,
  `updated_at` timestamp NULL DEFAULT NULL,
  PRIMARY KEY (`id`)
) ENGINE=InnoDB AUTO_INCREMENT=34 DEFAULT CHARSET=utf8mb4 COLLATE=utf8mb4_unicode_ci;

-- Volcando datos para la tabla gestion_viajes.rutas: ~32 rows (aproximadamente)
INSERT INTO `rutas` (`id`, `origen`, `destino`, `duracion`, `distancia`, `medio_transporte`, `created_at`, `updated_at`) VALUES
	(1, 'Port Erick', 'Lake Nikita', '09:23:16', 228.51, 'cupiditate', '2023-10-07 10:49:12', '2023-10-07 10:49:12'),
	(2, 'Robertaton', 'Carolview', '15:31:59', 746.76, 'nemo', '2023-10-07 10:49:12', '2023-10-07 10:49:12'),
	(3, 'Juwanhaven', 'Port Jena', '08:08:36', 728.17, 'fuga', '2023-10-07 10:49:12', '2023-10-07 10:49:12'),
	(4, 'Lake Annieberg', 'Meredithchester', '21:01:42', 997.20, 'est', '2023-10-07 10:49:12', '2023-10-07 10:49:12'),
	(5, 'Kenyattaland', 'Wintheiserfort', '03:19:00', 383.70, 'voluptas', '2023-10-07 10:49:12', '2023-10-07 10:49:12'),
	(6, 'North Bernhard', 'Klingborough', '04:53:31', 298.21, 'neque', '2023-10-07 10:49:12', '2023-10-07 10:49:12'),
	(7, 'Bettieberg', 'Port Gloriaport', '23:37:46', 957.99, 'occaecati', '2023-10-07 10:49:12', '2023-10-07 10:49:12'),
	(8, 'West Jaydon', 'South Adela', '08:00:34', 886.15, 'sed', '2023-10-07 10:49:12', '2023-10-07 10:49:12'),
	(9, 'East Daniela', 'Aliviaville', '12:28:46', 931.15, 'harum', '2023-10-07 10:49:12', '2023-10-07 10:49:12'),
	(10, 'Enolahaven', 'South Gracielaberg', '12:54:33', 444.16, 'ullam', '2023-10-07 10:49:12', '2023-10-07 10:49:12'),
	(11, 'Lake Kyleville', 'Lexitown', '01:24:39', 831.36, 'quia', '2023-10-07 10:49:12', '2023-10-07 10:49:12'),
	(12, 'Eichmanntown', 'Port Kenyonview', '21:18:10', 665.64, 'modi', '2023-10-07 10:49:12', '2023-10-07 10:49:12'),
	(13, 'Lake Geneton', 'Gabeville', '05:48:44', 109.71, 'aut', '2023-10-07 10:49:12', '2023-10-07 10:49:12'),
	(14, 'West Nellie', 'West Ruth', '07:24:00', 313.25, 'nemo', '2023-10-07 10:49:12', '2023-10-07 10:49:12'),
	(15, 'East Charityshire', 'Port Andreannehaven', '08:18:26', 178.38, 'officiis', '2023-10-07 10:49:12', '2023-10-07 10:49:12'),
	(16, 'Emileton', 'Lake Altastad', '23:11:37', 224.07, 'et', '2023-10-07 10:49:12', '2023-10-07 10:49:12'),
	(17, 'East Linaland', 'North Eltonberg', '13:52:04', 689.87, 'necessitatibus', '2023-10-07 10:49:12', '2023-10-07 10:49:12'),
	(18, 'Gibsonview', 'Jackieton', '20:09:05', 272.69, 'assumenda', '2023-10-07 10:49:12', '2023-10-07 10:49:12'),
	(19, 'North Clemens', 'New Stefanie', '22:46:41', 458.73, 'suscipit', '2023-10-07 10:49:12', '2023-10-07 10:49:12'),
	(20, 'Port Jaclynville', 'Lake Akeem', '06:38:43', 818.41, 'aliquid', '2023-10-07 10:49:12', '2023-10-07 10:49:12'),
	(21, 'Darrylhaven', 'West Jaden', '23:14:41', 505.48, 'unde', '2023-10-07 10:49:12', '2023-10-07 10:49:12'),
	(22, 'Zionchester', 'Gutmannview', '22:10:37', 342.29, 'voluptas', '2023-10-07 10:49:12', '2023-10-07 10:49:12'),
	(23, 'New Catalina', 'Salvadorton', '06:42:10', 505.45, 'aspernatur', '2023-10-07 10:49:12', '2023-10-07 10:49:12'),
	(24, 'Lake Pat', 'Antoninastad', '10:54:39', 277.00, 'enim', '2023-10-07 10:49:12', '2023-10-07 10:49:12'),
	(25, 'West Lizamouth', 'Davisville', '22:27:30', 361.73, 'nostrum', '2023-10-07 10:49:12', '2023-10-07 10:49:12'),
	(26, 'Lefflershire', 'North Tillman', '20:07:06', 896.41, 'laudantium', '2023-10-07 10:49:12', '2023-10-07 10:49:12'),
	(27, 'West Alexa', 'Maddisonbury', '19:23:10', 587.53, 'enim', '2023-10-07 10:49:12', '2023-10-07 10:49:12'),
	(28, 'New Amari', 'Heathcotebury', '15:00:26', 209.26, 'voluptatem', '2023-10-07 10:49:12', '2023-10-07 10:49:12'),
	(29, 'Romagueraville', 'East Jacksonmouth', '01:44:43', 202.26, 'aut', '2023-10-07 10:49:12', '2023-10-07 10:49:12'),
	(30, 'East Kaileeland', 'Lake Tia', '19:00:18', 206.25, 'ex', '2023-10-07 10:49:12', '2023-10-07 10:49:12'),
	(31, 'New Catalina NUEVO REGISTRO', 'Salvadorton', '06:42:00', 505.45, 'aspernatur', '2023-10-07 13:25:44', '2023-10-07 13:25:44'),
	(33, 'New Catalina NUEVO REGISTRO ACTUALIZADO', 'Salvadorton', '06:30:00', 203.00, 'aspernatur', '2023-10-07 13:26:52', '2023-10-07 13:30:15');

-- Volcando estructura para tabla gestion_viajes.users
CREATE TABLE IF NOT EXISTS `users` (
  `id` bigint(20) unsigned NOT NULL AUTO_INCREMENT,
  `name` varchar(255) COLLATE utf8mb4_unicode_ci NOT NULL,
  `email` varchar(255) COLLATE utf8mb4_unicode_ci NOT NULL,
  `email_verified_at` timestamp NULL DEFAULT NULL,
  `password` varchar(255) COLLATE utf8mb4_unicode_ci NOT NULL,
  `remember_token` varchar(100) COLLATE utf8mb4_unicode_ci DEFAULT NULL,
  `created_at` timestamp NULL DEFAULT NULL,
  `updated_at` timestamp NULL DEFAULT NULL,
  PRIMARY KEY (`id`),
  UNIQUE KEY `users_email_unique` (`email`)
) ENGINE=InnoDB AUTO_INCREMENT=12 DEFAULT CHARSET=utf8mb4 COLLATE=utf8mb4_unicode_ci;

-- Volcando datos para la tabla gestion_viajes.users: ~11 rows (aproximadamente)
INSERT INTO `users` (`id`, `name`, `email`, `email_verified_at`, `password`, `remember_token`, `created_at`, `updated_at`) VALUES
	(1, 'Administrador', 'admin@prueba.com', NULL, '$2y$10$uS7vwz4AHkm2rOIuMGIxUem.adm4eQpnXNZOdtYJqhuCLcbAhDn.C', NULL, '2023-10-07 10:49:12', '2023-10-07 10:49:12'),
	(2, 'Jeanne Emmerich', 'celestino84@koss.com', NULL, '$2y$10$uS7vwz4AHkm2rOIuMGIxUem.adm4eQpnXNZOdtYJqhuCLcbAhDn.C', NULL, '2023-10-07 10:49:12', '2023-10-07 10:49:12'),
	(3, 'Dr. Jerrod Yost', 'orodriguez@wehner.com', NULL, '$2y$10$uS7vwz4AHkm2rOIuMGIxUem.adm4eQpnXNZOdtYJqhuCLcbAhDn.C', NULL, '2023-10-07 10:49:12', '2023-10-07 10:49:12'),
	(4, 'Bruce Morissette', 'ebony.upton@becker.org', NULL, '$2y$10$uS7vwz4AHkm2rOIuMGIxUem.adm4eQpnXNZOdtYJqhuCLcbAhDn.C', NULL, '2023-10-07 10:49:12', '2023-10-07 10:49:12'),
	(5, 'Amiya Mitchell', 'gorczany.mariah@hotmail.com', NULL, '$2y$10$uS7vwz4AHkm2rOIuMGIxUem.adm4eQpnXNZOdtYJqhuCLcbAhDn.C', NULL, '2023-10-07 10:49:12', '2023-10-07 10:49:12'),
	(6, 'Destiney Bauch', 'rhoda05@gmail.com', NULL, '$2y$10$uS7vwz4AHkm2rOIuMGIxUem.adm4eQpnXNZOdtYJqhuCLcbAhDn.C', NULL, '2023-10-07 10:49:12', '2023-10-07 10:49:12'),
	(7, 'Mrs. Deja Kutch PhD', 'ljacobs@gmail.com', NULL, '$2y$10$uS7vwz4AHkm2rOIuMGIxUem.adm4eQpnXNZOdtYJqhuCLcbAhDn.C', NULL, '2023-10-07 10:49:12', '2023-10-07 10:49:12'),
	(8, 'Prof. Evelyn Oberbrunner MD', 'kunde.filomena@thompson.com', NULL, '$2y$10$uS7vwz4AHkm2rOIuMGIxUem.adm4eQpnXNZOdtYJqhuCLcbAhDn.C', NULL, '2023-10-07 10:49:12', '2023-10-07 10:49:12'),
	(9, 'Julian Hamill', 'qebert@gmail.com', NULL, '$2y$10$uS7vwz4AHkm2rOIuMGIxUem.adm4eQpnXNZOdtYJqhuCLcbAhDn.C', NULL, '2023-10-07 10:49:12', '2023-10-07 10:49:12'),
	(10, 'Buster Bayer I', 'kitty.oberbrunner@hotmail.com', NULL, '$2y$10$uS7vwz4AHkm2rOIuMGIxUem.adm4eQpnXNZOdtYJqhuCLcbAhDn.C', NULL, '2023-10-07 10:49:12', '2023-10-07 10:49:12'),
	(11, 'Ron Murazik', 'albertha81@wiza.com', NULL, '$2y$10$uS7vwz4AHkm2rOIuMGIxUem.adm4eQpnXNZOdtYJqhuCLcbAhDn.C', NULL, '2023-10-07 10:49:12', '2023-10-07 10:49:12');

-- Volcando estructura para tabla gestion_viajes.viajes
CREATE TABLE IF NOT EXISTS `viajes` (
  `id` bigint(20) unsigned NOT NULL AUTO_INCREMENT,
  `destino` varchar(255) COLLATE utf8mb4_unicode_ci NOT NULL,
  `fecha_salida` date NOT NULL,
  `fecha_regreso` date DEFAULT NULL,
  `ruta_id` bigint(20) unsigned NOT NULL,
  `asiento` int(11) NOT NULL,
  `estado` varchar(255) COLLATE utf8mb4_unicode_ci NOT NULL,
  `created_at` timestamp NULL DEFAULT NULL,
  `updated_at` timestamp NULL DEFAULT NULL,
  PRIMARY KEY (`id`),
  KEY `viajes_ruta_id_foreign` (`ruta_id`),
  CONSTRAINT `viajes_ruta_id_foreign` FOREIGN KEY (`ruta_id`) REFERENCES `rutas` (`id`)
) ENGINE=InnoDB AUTO_INCREMENT=301 DEFAULT CHARSET=utf8mb4 COLLATE=utf8mb4_unicode_ci;

-- Volcando datos para la tabla gestion_viajes.viajes: ~300 rows (aproximadamente)
INSERT INTO `viajes` (`id`, `destino`, `fecha_salida`, `fecha_regreso`, `ruta_id`, `asiento`, `estado`, `created_at`, `updated_at`) VALUES
	(1, 'Port Gonzalohaven', '2022-03-02', '2007-08-12', 1, 46, 'Completado', '2023-10-07 10:49:12', '2023-10-07 10:49:12'),
	(2, 'Abagailfort', '2012-08-21', '1998-04-27', 1, 85, 'En curso', '2023-10-07 10:49:12', '2023-10-07 10:49:12'),
	(3, 'Justinestad', '2010-04-06', '2023-03-01', 1, 18, 'Programado', '2023-10-07 10:49:12', '2023-10-07 10:49:12'),
	(4, 'South Crystaltown', '1979-03-25', '2004-10-04', 1, 42, 'Programado', '2023-10-07 10:49:12', '2023-10-07 10:49:12'),
	(5, 'Lake Nikki', '1984-03-09', '1977-11-13', 1, 82, 'Programado', '2023-10-07 10:49:12', '2023-10-07 10:49:12'),
	(6, 'Lake Raquel', '1998-02-04', '1982-07-03', 1, 5, 'Completado', '2023-10-07 10:49:12', '2023-10-07 10:49:12'),
	(7, 'Port Carolineberg', '2007-06-12', '1983-03-15', 1, 54, 'Programado', '2023-10-07 10:49:12', '2023-10-07 10:49:12'),
	(8, 'Joanland', '1974-01-16', '1974-09-30', 1, 79, 'Completado', '2023-10-07 10:49:12', '2023-10-07 10:49:12'),
	(9, 'West Brenden', '2001-09-03', '2002-07-24', 1, 86, 'Programado', '2023-10-07 10:49:12', '2023-10-07 10:49:12'),
	(10, 'Breitenbergchester', '2013-12-14', '1996-11-05', 1, 4, 'En curso', '2023-10-07 10:49:12', '2023-10-07 10:49:12'),
	(11, 'Port Elmermouth', '2023-07-24', '2012-09-14', 2, 10, 'Completado', '2023-10-07 10:49:12', '2023-10-07 10:49:12'),
	(12, 'Port Petraburgh', '2012-10-01', '1970-01-01', 2, 42, 'Completado', '2023-10-07 10:49:12', '2023-10-07 10:49:12'),
	(13, 'North Quentin', '1986-03-09', '2005-07-22', 2, 71, 'En curso', '2023-10-07 10:49:12', '2023-10-07 10:49:12'),
	(14, 'Lennieshire', '1980-08-24', '2019-03-15', 2, 98, 'Programado', '2023-10-07 10:49:12', '2023-10-07 10:49:12'),
	(15, 'North Elena', '2012-08-24', '2006-06-13', 2, 40, 'Programado', '2023-10-07 10:49:12', '2023-10-07 10:49:12'),
	(16, 'East Trenton', '2007-07-30', '2019-05-31', 2, 7, 'Completado', '2023-10-07 10:49:12', '2023-10-07 10:49:12'),
	(17, 'Ednaview', '2010-08-21', '1991-07-25', 2, 21, 'Programado', '2023-10-07 10:49:12', '2023-10-07 10:49:12'),
	(18, 'New Svenberg', '1984-09-14', '2003-02-02', 2, 96, 'Completado', '2023-10-07 10:49:12', '2023-10-07 10:49:12'),
	(19, 'Port Estebanberg', '1990-06-21', '2011-04-27', 2, 7, 'En curso', '2023-10-07 10:49:12', '2023-10-07 10:49:12'),
	(20, 'North Foster', '2013-07-11', '2016-03-17', 2, 89, 'En curso', '2023-10-07 10:49:12', '2023-10-07 10:49:12'),
	(21, 'Dickensmouth', '2000-09-17', '2002-10-02', 3, 88, 'En curso', '2023-10-07 10:49:12', '2023-10-07 10:49:12'),
	(22, 'Lylatown', '2014-09-17', '1986-11-15', 3, 68, 'Programado', '2023-10-07 10:49:12', '2023-10-07 10:49:12'),
	(23, 'Gislasonview', '1998-03-27', '1973-09-04', 3, 87, 'Completado', '2023-10-07 10:49:12', '2023-10-07 10:49:12'),
	(24, 'West Pat', '2017-01-24', '2005-10-24', 3, 67, 'Programado', '2023-10-07 10:49:12', '2023-10-07 10:49:12'),
	(25, 'New Stanton', '2015-12-12', '2012-03-28', 3, 26, 'Completado', '2023-10-07 10:49:12', '2023-10-07 10:49:12'),
	(26, 'Handville', '1987-04-09', '1993-12-28', 3, 80, 'Completado', '2023-10-07 10:49:12', '2023-10-07 10:49:12'),
	(27, 'South Altheachester', '1994-08-20', '2006-03-29', 3, 22, 'En curso', '2023-10-07 10:49:12', '2023-10-07 10:49:12'),
	(28, 'Baileymouth', '1984-08-18', '2019-04-07', 3, 54, 'Programado', '2023-10-07 10:49:12', '2023-10-07 10:49:12'),
	(29, 'Stracketown', '1986-08-01', '1991-08-31', 3, 48, 'Completado', '2023-10-07 10:49:12', '2023-10-07 10:49:12'),
	(30, 'Beckerfurt', '1974-08-16', '1978-12-16', 3, 55, 'En curso', '2023-10-07 10:49:12', '2023-10-07 10:49:12'),
	(31, 'Kingberg', '1987-09-25', '1985-02-07', 4, 68, 'Completado', '2023-10-07 10:49:12', '2023-10-07 10:49:12'),
	(32, 'Lake Amychester', '2014-01-01', '1994-03-15', 4, 2, 'Programado', '2023-10-07 10:49:12', '2023-10-07 10:49:12'),
	(33, 'Simonisborough', '2016-03-20', '2009-02-20', 4, 62, 'En curso', '2023-10-07 10:49:12', '2023-10-07 10:49:12'),
	(34, 'Port Perry', '2009-12-19', '1976-08-14', 4, 80, 'Completado', '2023-10-07 10:49:12', '2023-10-07 10:49:12'),
	(35, 'North Nia', '2020-10-01', '1987-09-16', 4, 96, 'Programado', '2023-10-07 10:49:12', '2023-10-07 10:49:12'),
	(36, 'West Darrionmouth', '1995-04-12', '1985-06-09', 4, 100, 'En curso', '2023-10-07 10:49:12', '2023-10-07 10:49:12'),
	(37, 'Winonachester', '1977-10-20', '1982-05-19', 4, 45, 'En curso', '2023-10-07 10:49:12', '2023-10-07 10:49:12'),
	(38, 'New Marlon', '1980-04-07', '2019-11-06', 4, 5, 'Programado', '2023-10-07 10:49:12', '2023-10-07 10:49:12'),
	(39, 'East Leta', '1972-04-08', '1978-12-25', 4, 61, 'Programado', '2023-10-07 10:49:12', '2023-10-07 10:49:12'),
	(40, 'Jakobburgh', '2018-06-24', '1977-01-19', 4, 39, 'Completado', '2023-10-07 10:49:12', '2023-10-07 10:49:12'),
	(41, 'Hilpertmouth', '1982-07-26', '1997-06-05', 5, 64, 'En curso', '2023-10-07 10:49:12', '2023-10-07 10:49:12'),
	(42, 'New Darrylberg', '1978-06-04', '1989-11-22', 5, 70, 'En curso', '2023-10-07 10:49:12', '2023-10-07 10:49:12'),
	(43, 'Lake Abigail', '1981-01-23', '2012-08-12', 5, 25, 'En curso', '2023-10-07 10:49:12', '2023-10-07 10:49:12'),
	(44, 'Considineport', '2016-04-14', '2019-12-29', 5, 3, 'Programado', '2023-10-07 10:49:12', '2023-10-07 10:49:12'),
	(45, 'Lehnerfort', '1972-12-11', '1991-07-04', 5, 24, 'Programado', '2023-10-07 10:49:12', '2023-10-07 10:49:12'),
	(46, 'Lake Schuyler', '2010-11-25', '2016-12-30', 5, 60, 'Programado', '2023-10-07 10:49:12', '2023-10-07 10:49:12'),
	(47, 'Tayaburgh', '1982-10-15', '1983-02-24', 5, 71, 'Completado', '2023-10-07 10:49:12', '2023-10-07 10:49:12'),
	(48, 'West Jewelport', '2023-08-11', '2007-01-09', 5, 38, 'Completado', '2023-10-07 10:49:12', '2023-10-07 10:49:12'),
	(49, 'Rorychester', '2002-12-02', '1974-12-27', 5, 38, 'En curso', '2023-10-07 10:49:12', '2023-10-07 10:49:12'),
	(50, 'New Jennie', '2000-01-03', '1992-11-24', 5, 45, 'Completado', '2023-10-07 10:49:12', '2023-10-07 10:49:12'),
	(51, 'Wintheiserland', '1972-02-04', '1970-03-13', 6, 24, 'Programado', '2023-10-07 10:49:12', '2023-10-07 10:49:12'),
	(52, 'Troystad', '1974-06-13', '1977-05-27', 6, 99, 'Completado', '2023-10-07 10:49:12', '2023-10-07 10:49:12'),
	(53, 'Reichertton', '1984-07-19', '1983-10-21', 6, 18, 'En curso', '2023-10-07 10:49:12', '2023-10-07 10:49:12'),
	(54, 'North Jolie', '1981-03-19', '2021-12-06', 6, 46, 'En curso', '2023-10-07 10:49:12', '2023-10-07 10:49:12'),
	(55, 'Conroyborough', '2019-04-07', '2000-09-21', 6, 72, 'Completado', '2023-10-07 10:49:12', '2023-10-07 10:49:12'),
	(56, 'Lindgrenfurt', '2007-05-08', '1971-06-10', 6, 42, 'En curso', '2023-10-07 10:49:12', '2023-10-07 10:49:12'),
	(57, 'Lemkehaven', '2003-01-19', '2021-03-24', 6, 9, 'En curso', '2023-10-07 10:49:12', '2023-10-07 10:49:12'),
	(58, 'Adonisberg', '2023-01-05', '1980-04-02', 6, 26, 'Programado', '2023-10-07 10:49:12', '2023-10-07 10:49:12'),
	(59, 'New Kaleighbury', '2015-01-22', '1987-08-03', 6, 48, 'Programado', '2023-10-07 10:49:12', '2023-10-07 10:49:12'),
	(60, 'North Angelina', '1989-06-13', '1973-12-25', 6, 35, 'Completado', '2023-10-07 10:49:12', '2023-10-07 10:49:12'),
	(61, 'North Myronmouth', '2001-03-21', '1989-10-22', 7, 3, 'En curso', '2023-10-07 10:49:12', '2023-10-07 10:49:12'),
	(62, 'East Raulport', '1995-03-11', '1973-04-12', 7, 86, 'Completado', '2023-10-07 10:49:12', '2023-10-07 10:49:12'),
	(63, 'South Khalid', '1992-11-24', '1996-07-20', 7, 100, 'Completado', '2023-10-07 10:49:12', '2023-10-07 10:49:12'),
	(64, 'Nicoberg', '1972-12-08', '1995-07-05', 7, 7, 'Completado', '2023-10-07 10:49:12', '2023-10-07 10:49:12'),
	(65, 'West Erynton', '1990-07-06', '1995-07-29', 7, 3, 'Programado', '2023-10-07 10:49:12', '2023-10-07 10:49:12'),
	(66, 'New Karlieburgh', '1979-05-23', '1997-04-11', 7, 97, 'Programado', '2023-10-07 10:49:12', '2023-10-07 10:49:12'),
	(67, 'North Alta', '1977-03-06', '2013-03-21', 7, 48, 'Programado', '2023-10-07 10:49:12', '2023-10-07 10:49:12'),
	(68, 'Manleyland', '2018-11-25', '2001-07-09', 7, 60, 'En curso', '2023-10-07 10:49:12', '2023-10-07 10:49:12'),
	(69, 'Ameliamouth', '1979-05-08', '1985-06-25', 7, 40, 'Programado', '2023-10-07 10:49:12', '2023-10-07 10:49:12'),
	(70, 'Rosalindville', '1971-02-02', '1985-11-20', 7, 83, 'En curso', '2023-10-07 10:49:12', '2023-10-07 10:49:12'),
	(71, 'Port Cassandratown', '1993-01-10', '2015-04-28', 8, 63, 'En curso', '2023-10-07 10:49:12', '2023-10-07 10:49:12'),
	(72, 'Port Miller', '2012-09-08', '1984-06-18', 8, 87, 'Completado', '2023-10-07 10:49:12', '2023-10-07 10:49:12'),
	(73, 'North Ahmedfort', '2013-05-21', '2007-10-17', 8, 26, 'En curso', '2023-10-07 10:49:12', '2023-10-07 10:49:12'),
	(74, 'Kertzmannmouth', '1996-02-07', '2001-08-11', 8, 96, 'Programado', '2023-10-07 10:49:12', '2023-10-07 10:49:12'),
	(75, 'Heathcoteview', '2006-01-24', '1970-08-07', 8, 86, 'Completado', '2023-10-07 10:49:12', '2023-10-07 10:49:12'),
	(76, 'Lake Herminaborough', '2011-03-17', '2015-04-16', 8, 14, 'Programado', '2023-10-07 10:49:12', '2023-10-07 10:49:12'),
	(77, 'Jalenstad', '1987-10-16', '2002-02-04', 8, 91, 'Completado', '2023-10-07 10:49:12', '2023-10-07 10:49:12'),
	(78, 'Queenchester', '1977-11-11', '2001-10-07', 8, 57, 'En curso', '2023-10-07 10:49:12', '2023-10-07 10:49:12'),
	(79, 'West Ameliaton', '2023-09-05', '1995-10-29', 8, 44, 'Completado', '2023-10-07 10:49:12', '2023-10-07 10:49:12'),
	(80, 'South Sylviabury', '1972-11-06', '1975-01-05', 8, 40, 'En curso', '2023-10-07 10:49:12', '2023-10-07 10:49:12'),
	(81, 'East Christianaport', '2017-02-18', '2007-03-22', 9, 96, 'En curso', '2023-10-07 10:49:12', '2023-10-07 10:49:12'),
	(82, 'Dovieton', '2021-01-22', '1977-06-24', 9, 19, 'Completado', '2023-10-07 10:49:12', '2023-10-07 10:49:12'),
	(83, 'Hellerfort', '2004-03-26', '1990-04-19', 9, 100, 'En curso', '2023-10-07 10:49:12', '2023-10-07 10:49:12'),
	(84, 'Bruenberg', '1989-09-04', '1982-12-23', 9, 5, 'En curso', '2023-10-07 10:49:12', '2023-10-07 10:49:12'),
	(85, 'Schaeferfort', '1981-11-04', '1979-10-24', 9, 62, 'En curso', '2023-10-07 10:49:12', '2023-10-07 10:49:12'),
	(86, 'Lake Medaborough', '2012-11-16', '2013-01-16', 9, 21, 'En curso', '2023-10-07 10:49:12', '2023-10-07 10:49:12'),
	(87, 'Coybury', '2020-08-16', '2015-02-11', 9, 81, 'Completado', '2023-10-07 10:49:12', '2023-10-07 10:49:12'),
	(88, 'Wolffberg', '1972-12-18', '2016-05-03', 9, 75, 'Programado', '2023-10-07 10:49:12', '2023-10-07 10:49:12'),
	(89, 'Port Orrin', '1985-07-08', '1977-06-01', 9, 63, 'Completado', '2023-10-07 10:49:12', '2023-10-07 10:49:12'),
	(90, 'Elnoraburgh', '2008-12-19', '2004-09-12', 9, 83, 'En curso', '2023-10-07 10:49:12', '2023-10-07 10:49:12'),
	(91, 'Port Nikolas', '2010-07-04', '2020-11-25', 10, 45, 'En curso', '2023-10-07 10:49:12', '2023-10-07 10:49:12'),
	(92, 'Destinborough', '2010-07-19', '1991-04-25', 10, 96, 'Completado', '2023-10-07 10:49:12', '2023-10-07 10:49:12'),
	(93, 'East Allenville', '2011-02-17', '1989-06-21', 10, 3, 'Completado', '2023-10-07 10:49:12', '2023-10-07 10:49:12'),
	(94, 'Lake Esther', '2021-08-17', '2018-04-15', 10, 13, 'Completado', '2023-10-07 10:49:12', '2023-10-07 10:49:12'),
	(95, 'Fredrickfurt', '2010-07-04', '2011-07-13', 10, 41, 'Completado', '2023-10-07 10:49:12', '2023-10-07 10:49:12'),
	(96, 'West Shea', '2010-04-17', '2000-11-17', 10, 94, 'En curso', '2023-10-07 10:49:12', '2023-10-07 10:49:12'),
	(97, 'Corwinstad', '1997-02-22', '1985-02-19', 10, 12, 'En curso', '2023-10-07 10:49:12', '2023-10-07 10:49:12'),
	(98, 'Margueriteville', '1976-08-13', '1990-09-26', 10, 8, 'Programado', '2023-10-07 10:49:12', '2023-10-07 10:49:12'),
	(99, 'Melynamouth', '1996-08-15', '1999-07-31', 10, 44, 'Programado', '2023-10-07 10:49:12', '2023-10-07 10:49:12'),
	(100, 'Woodrowmouth', '1982-09-14', '1998-06-03', 10, 82, 'Programado', '2023-10-07 10:49:12', '2023-10-07 10:49:12'),
	(101, 'West Lindsay', '2023-02-27', '1999-07-26', 11, 10, 'Programado', '2023-10-07 10:49:12', '2023-10-07 10:49:12'),
	(102, 'Lake Ernestinamouth', '1994-08-16', '1970-05-19', 11, 3, 'En curso', '2023-10-07 10:49:12', '2023-10-07 10:49:12'),
	(103, 'Beerborough', '1989-02-24', '2018-10-06', 11, 95, 'En curso', '2023-10-07 10:49:12', '2023-10-07 10:49:12'),
	(104, 'North Maraview', '1973-08-16', '2003-10-04', 11, 51, 'En curso', '2023-10-07 10:49:12', '2023-10-07 10:49:12'),
	(105, 'North Perry', '1981-03-12', '2000-03-07', 11, 20, 'Programado', '2023-10-07 10:49:12', '2023-10-07 10:49:12'),
	(106, 'Hettingerbury', '2010-05-10', '1993-02-26', 11, 95, 'En curso', '2023-10-07 10:49:12', '2023-10-07 10:49:12'),
	(107, 'Gutkowskiville', '1997-06-30', '1992-03-19', 11, 55, 'Programado', '2023-10-07 10:49:12', '2023-10-07 10:49:12'),
	(108, 'Port Wilmamouth', '2015-11-09', '1981-01-22', 11, 82, 'En curso', '2023-10-07 10:49:12', '2023-10-07 10:49:12'),
	(109, 'Maudieberg', '1972-02-03', '1990-10-25', 11, 12, 'Programado', '2023-10-07 10:49:12', '2023-10-07 10:49:12'),
	(110, 'Kubfort', '2007-09-26', '1974-11-19', 11, 89, 'Programado', '2023-10-07 10:49:12', '2023-10-07 10:49:12'),
	(111, 'Lake Jakob', '1976-06-09', '2017-07-23', 12, 66, 'Programado', '2023-10-07 10:49:12', '2023-10-07 10:49:12'),
	(112, 'Pouroston', '2006-11-01', '2005-04-02', 12, 95, 'Programado', '2023-10-07 10:49:12', '2023-10-07 10:49:12'),
	(113, 'Lake Oletabury', '1983-02-26', '2009-02-12', 12, 64, 'Programado', '2023-10-07 10:49:12', '2023-10-07 10:49:12'),
	(114, 'North Eldaborough', '1998-02-16', '1979-11-29', 12, 98, 'En curso', '2023-10-07 10:49:12', '2023-10-07 10:49:12'),
	(115, 'West Amber', '2021-11-13', '1979-01-14', 12, 9, 'Programado', '2023-10-07 10:49:12', '2023-10-07 10:49:12'),
	(116, 'Hassanland', '1997-11-08', '1993-02-15', 12, 50, 'Programado', '2023-10-07 10:49:12', '2023-10-07 10:49:12'),
	(117, 'Gislasonside', '2004-06-23', '2016-04-28', 12, 95, 'Programado', '2023-10-07 10:49:12', '2023-10-07 10:49:12'),
	(118, 'Amayaview', '1982-05-13', '1971-07-20', 12, 59, 'Programado', '2023-10-07 10:49:12', '2023-10-07 10:49:12'),
	(119, 'Hartmannfurt', '2020-07-15', '1983-10-17', 12, 20, 'Completado', '2023-10-07 10:49:12', '2023-10-07 10:49:12'),
	(120, 'Lake Domenicaport', '1989-02-23', '2005-01-14', 12, 23, 'Completado', '2023-10-07 10:49:12', '2023-10-07 10:49:12'),
	(121, 'West Ramonfort', '2004-05-05', '2003-06-20', 13, 80, 'Programado', '2023-10-07 10:49:12', '2023-10-07 10:49:12'),
	(122, 'Preciousstad', '2013-08-26', '2022-12-02', 13, 91, 'Programado', '2023-10-07 10:49:12', '2023-10-07 10:49:12'),
	(123, 'Veronicafurt', '2000-10-03', '1975-03-12', 13, 26, 'En curso', '2023-10-07 10:49:12', '2023-10-07 10:49:12'),
	(124, 'Willmsshire', '2020-01-27', '2020-06-09', 13, 86, 'En curso', '2023-10-07 10:49:12', '2023-10-07 10:49:12'),
	(125, 'Josefachester', '1996-04-23', '1977-11-07', 13, 19, 'Programado', '2023-10-07 10:49:12', '2023-10-07 10:49:12'),
	(126, 'Aftonton', '2020-03-17', '2015-02-11', 13, 63, 'En curso', '2023-10-07 10:49:12', '2023-10-07 10:49:12'),
	(127, 'Kassulketown', '1970-11-01', '2022-05-03', 13, 70, 'Programado', '2023-10-07 10:49:12', '2023-10-07 10:49:12'),
	(128, 'Lake Eraport', '1990-11-23', '1993-07-29', 13, 95, 'Completado', '2023-10-07 10:49:12', '2023-10-07 10:49:12'),
	(129, 'Fisherfurt', '1990-01-25', '1976-01-19', 13, 37, 'En curso', '2023-10-07 10:49:12', '2023-10-07 10:49:12'),
	(130, 'Loweberg', '1980-02-16', '1979-02-07', 13, 72, 'En curso', '2023-10-07 10:49:12', '2023-10-07 10:49:12'),
	(131, 'Emmittside', '2005-05-04', '1988-05-22', 14, 88, 'En curso', '2023-10-07 10:49:12', '2023-10-07 10:49:12'),
	(132, 'Port Ceceliaton', '1992-04-09', '1993-01-14', 14, 53, 'Completado', '2023-10-07 10:49:12', '2023-10-07 10:49:12'),
	(133, 'Schmittfort', '1994-09-08', '2002-02-18', 14, 9, 'En curso', '2023-10-07 10:49:12', '2023-10-07 10:49:12'),
	(134, 'Arianehaven', '1984-05-24', '2000-02-11', 14, 7, 'Completado', '2023-10-07 10:49:12', '2023-10-07 10:49:12'),
	(135, 'Lamontton', '2022-04-28', '1982-04-15', 14, 90, 'En curso', '2023-10-07 10:49:12', '2023-10-07 10:49:12'),
	(136, 'West Raymondhaven', '1980-10-05', '1999-05-02', 14, 59, 'En curso', '2023-10-07 10:49:12', '2023-10-07 10:49:12'),
	(137, 'East Jovani', '1981-04-10', '2022-08-22', 14, 76, 'Programado', '2023-10-07 10:49:12', '2023-10-07 10:49:12'),
	(138, 'Simonismouth', '2004-08-02', '1982-07-28', 14, 82, 'Completado', '2023-10-07 10:49:12', '2023-10-07 10:49:12'),
	(139, 'Beckerhaven', '1990-09-12', '2018-01-08', 14, 49, 'Programado', '2023-10-07 10:49:12', '2023-10-07 10:49:12'),
	(140, 'Farrellville', '2012-09-07', '2015-12-31', 14, 88, 'Completado', '2023-10-07 10:49:12', '2023-10-07 10:49:12'),
	(141, 'Port Julia', '1998-04-13', '2011-12-20', 15, 46, 'Completado', '2023-10-07 10:49:12', '2023-10-07 10:49:12'),
	(142, 'Moenview', '1992-11-07', '2012-07-30', 15, 93, 'En curso', '2023-10-07 10:49:12', '2023-10-07 10:49:12'),
	(143, 'South Ivabury', '2001-12-24', '1975-10-29', 15, 92, 'En curso', '2023-10-07 10:49:12', '2023-10-07 10:49:12'),
	(144, 'Parkerfort', '2013-01-17', '2003-05-21', 15, 92, 'Programado', '2023-10-07 10:49:12', '2023-10-07 10:49:12'),
	(145, 'Breitenbergview', '1979-05-01', '2018-03-20', 15, 38, 'En curso', '2023-10-07 10:49:12', '2023-10-07 10:49:12'),
	(146, 'Port Zakary', '1993-06-12', '2002-01-11', 15, 98, 'En curso', '2023-10-07 10:49:12', '2023-10-07 10:49:12'),
	(147, 'Wilberchester', '1986-12-12', '1998-08-18', 15, 53, 'Completado', '2023-10-07 10:49:12', '2023-10-07 10:49:12'),
	(148, 'Konopelskiburgh', '1974-04-30', '1976-11-10', 15, 45, 'Completado', '2023-10-07 10:49:12', '2023-10-07 10:49:12'),
	(149, 'Cummerataport', '1975-07-18', '1984-07-17', 15, 68, 'Completado', '2023-10-07 10:49:12', '2023-10-07 10:49:12'),
	(150, 'West Christaside', '2005-05-24', '1984-04-26', 15, 66, 'Completado', '2023-10-07 10:49:12', '2023-10-07 10:49:12'),
	(151, 'Champlinburgh', '2007-08-06', '1981-04-28', 16, 31, 'Programado', '2023-10-07 10:49:12', '2023-10-07 10:49:12'),
	(152, 'Zoilamouth', '1994-09-22', '2015-12-30', 16, 79, 'En curso', '2023-10-07 10:49:12', '2023-10-07 10:49:12'),
	(153, 'Odessabury', '2015-10-07', '1971-05-05', 16, 3, 'Completado', '2023-10-07 10:49:12', '2023-10-07 10:49:12'),
	(154, 'Cormierbury', '1996-06-24', '1981-10-24', 16, 1, 'Programado', '2023-10-07 10:49:12', '2023-10-07 10:49:12'),
	(155, 'Lake Dolly', '1977-12-31', '2022-03-22', 16, 84, 'Completado', '2023-10-07 10:49:12', '2023-10-07 10:49:12'),
	(156, 'Keithtown', '2002-12-25', '1980-09-15', 16, 52, 'Completado', '2023-10-07 10:49:12', '2023-10-07 10:49:12'),
	(157, 'East Justonfort', '2007-09-03', '1978-10-31', 16, 75, 'Programado', '2023-10-07 10:49:12', '2023-10-07 10:49:12'),
	(158, 'Kossborough', '1990-02-07', '1975-08-30', 16, 54, 'En curso', '2023-10-07 10:49:12', '2023-10-07 10:49:12'),
	(159, 'North Kamrynland', '2015-11-18', '2009-12-13', 16, 40, 'Completado', '2023-10-07 10:49:12', '2023-10-07 10:49:12'),
	(160, 'Lilianaburgh', '1987-07-26', '2005-11-04', 16, 12, 'Programado', '2023-10-07 10:49:12', '2023-10-07 10:49:12'),
	(161, 'Hilpertmouth', '2000-06-12', '2021-05-24', 17, 79, 'En curso', '2023-10-07 10:49:12', '2023-10-07 10:49:12'),
	(162, 'Port Juliana', '2009-10-10', '2002-01-15', 17, 18, 'Completado', '2023-10-07 10:49:12', '2023-10-07 10:49:12'),
	(163, 'East Halle', '1997-10-22', '2014-11-17', 17, 15, 'Completado', '2023-10-07 10:49:12', '2023-10-07 10:49:12'),
	(164, 'Ramiromouth', '1984-09-10', '1985-06-26', 17, 48, 'Completado', '2023-10-07 10:49:12', '2023-10-07 10:49:12'),
	(165, 'Raleighview', '2007-06-16', '2020-07-07', 17, 79, 'En curso', '2023-10-07 10:49:12', '2023-10-07 10:49:12'),
	(166, 'Robertaland', '2003-04-29', '2009-07-17', 17, 52, 'Programado', '2023-10-07 10:49:12', '2023-10-07 10:49:12'),
	(167, 'South Cade', '2013-09-25', '2016-12-01', 17, 25, 'Completado', '2023-10-07 10:49:12', '2023-10-07 10:49:12'),
	(168, 'South Addison', '1975-01-19', '1997-12-27', 17, 42, 'Programado', '2023-10-07 10:49:12', '2023-10-07 10:49:12'),
	(169, 'Lake Kaydenview', '1981-08-15', '2005-10-26', 17, 2, 'Programado', '2023-10-07 10:49:12', '2023-10-07 10:49:12'),
	(170, 'New Brionnashire', '1994-03-18', '2013-10-31', 17, 77, 'En curso', '2023-10-07 10:49:12', '2023-10-07 10:49:12'),
	(171, 'Larsonbury', '1971-07-25', '1989-11-20', 18, 98, 'Completado', '2023-10-07 10:49:12', '2023-10-07 10:49:12'),
	(172, 'Lake Carlee', '1973-04-11', '2007-01-11', 18, 12, 'Programado', '2023-10-07 10:49:12', '2023-10-07 10:49:12'),
	(173, 'Feeneyshire', '1982-08-22', '1987-06-26', 18, 99, 'Programado', '2023-10-07 10:49:12', '2023-10-07 10:49:12'),
	(174, 'West Verlie', '2017-05-07', '2005-08-26', 18, 46, 'En curso', '2023-10-07 10:49:12', '2023-10-07 10:49:12'),
	(175, 'Jackfurt', '1986-03-02', '2019-05-23', 18, 100, 'Completado', '2023-10-07 10:49:12', '2023-10-07 10:49:12'),
	(176, 'Cummerataville', '2003-01-13', '1996-06-20', 18, 46, 'En curso', '2023-10-07 10:49:12', '2023-10-07 10:49:12'),
	(177, 'West Fletcherton', '1987-03-30', '2009-12-06', 18, 3, 'Programado', '2023-10-07 10:49:12', '2023-10-07 10:49:12'),
	(178, 'Adrainfort', '1975-09-08', '1986-04-09', 18, 37, 'Programado', '2023-10-07 10:49:12', '2023-10-07 10:49:12'),
	(179, 'Port Effietown', '2011-12-22', '1975-07-04', 18, 12, 'En curso', '2023-10-07 10:49:12', '2023-10-07 10:49:12'),
	(180, 'Elisehaven', '2007-06-15', '1996-07-05', 18, 76, 'Completado', '2023-10-07 10:49:12', '2023-10-07 10:49:12'),
	(181, 'Halvorsonfurt', '2004-09-13', '1985-10-29', 19, 67, 'En curso', '2023-10-07 10:49:12', '2023-10-07 10:49:12'),
	(182, 'West Kathrynehaven', '2014-11-30', '1992-01-22', 19, 21, 'Programado', '2023-10-07 10:49:12', '2023-10-07 10:49:12'),
	(183, 'North Mariela', '1979-10-19', '1976-07-21', 19, 13, 'Programado', '2023-10-07 10:49:12', '2023-10-07 10:49:12'),
	(184, 'Schoentown', '1994-04-01', '1979-07-23', 19, 70, 'En curso', '2023-10-07 10:49:12', '2023-10-07 10:49:12'),
	(185, 'Langworthhaven', '1975-10-04', '1970-03-05', 19, 68, 'Completado', '2023-10-07 10:49:12', '2023-10-07 10:49:12'),
	(186, 'North Olenhaven', '1992-02-26', '1976-01-07', 19, 33, 'Programado', '2023-10-07 10:49:12', '2023-10-07 10:49:12'),
	(187, 'Lake Ruthport', '1974-11-21', '1993-04-26', 19, 95, 'En curso', '2023-10-07 10:49:12', '2023-10-07 10:49:12'),
	(188, 'Trompfort', '1980-10-23', '1979-11-13', 19, 67, 'En curso', '2023-10-07 10:49:12', '2023-10-07 10:49:12'),
	(189, 'East Frankieland', '2016-08-31', '1985-08-01', 19, 9, 'Completado', '2023-10-07 10:49:12', '2023-10-07 10:49:12'),
	(190, 'Hartmannborough', '2003-10-09', '2022-01-25', 19, 80, 'Completado', '2023-10-07 10:49:12', '2023-10-07 10:49:12'),
	(191, 'Boyletown', '1986-11-08', '2010-08-18', 20, 19, 'Completado', '2023-10-07 10:49:12', '2023-10-07 10:49:12'),
	(192, 'Kulasfort', '1995-07-18', '2016-08-31', 20, 100, 'Programado', '2023-10-07 10:49:12', '2023-10-07 10:49:12'),
	(193, 'South Dustyberg', '1983-09-08', '1994-07-21', 20, 26, 'Completado', '2023-10-07 10:49:12', '2023-10-07 10:49:12'),
	(194, 'Lake Lucas', '2003-02-04', '2013-02-05', 20, 85, 'Completado', '2023-10-07 10:49:12', '2023-10-07 10:49:12'),
	(195, 'Danemouth', '1994-01-02', '2005-10-25', 20, 19, 'Programado', '2023-10-07 10:49:12', '2023-10-07 10:49:12'),
	(196, 'Nicklausville', '1978-11-05', '2016-07-04', 20, 62, 'Programado', '2023-10-07 10:49:12', '2023-10-07 10:49:12'),
	(197, 'Annaberg', '2018-03-05', '1978-12-30', 20, 1, 'En curso', '2023-10-07 10:49:12', '2023-10-07 10:49:12'),
	(198, 'Port Myrtiebury', '2022-05-25', '2019-05-25', 20, 6, 'Programado', '2023-10-07 10:49:12', '2023-10-07 10:49:12'),
	(199, 'Chaneltown', '2012-03-01', '1997-11-04', 20, 82, 'En curso', '2023-10-07 10:49:12', '2023-10-07 10:49:12'),
	(200, 'Cristfort', '1995-10-16', '1987-12-12', 20, 37, 'En curso', '2023-10-07 10:49:12', '2023-10-07 10:49:12'),
	(201, 'Lakinport', '1995-08-06', '1994-03-17', 21, 51, 'Completado', '2023-10-07 10:49:12', '2023-10-07 10:49:12'),
	(202, 'West Randyberg', '1980-12-03', '2015-06-27', 21, 26, 'Completado', '2023-10-07 10:49:12', '2023-10-07 10:49:12'),
	(203, 'New Eldredmouth', '1992-07-11', '2013-10-19', 21, 51, 'Completado', '2023-10-07 10:49:12', '2023-10-07 10:49:12'),
	(204, 'Monahanhaven', '2004-10-07', '2015-08-13', 21, 32, 'Completado', '2023-10-07 10:49:12', '2023-10-07 10:49:12'),
	(205, 'Jarontown', '2020-09-24', '1994-09-13', 21, 78, 'Programado', '2023-10-07 10:49:12', '2023-10-07 10:49:12'),
	(206, 'Lake Darrell', '2010-07-08', '1978-06-03', 21, 59, 'Completado', '2023-10-07 10:49:12', '2023-10-07 10:49:12'),
	(207, 'South Haylie', '1997-07-22', '2011-07-17', 21, 1, 'Programado', '2023-10-07 10:49:12', '2023-10-07 10:49:12'),
	(208, 'East Stevie', '2000-02-01', '1994-05-28', 21, 45, 'Programado', '2023-10-07 10:49:12', '2023-10-07 10:49:12'),
	(209, 'Collinbury', '1995-11-29', '1972-06-07', 21, 63, 'Completado', '2023-10-07 10:49:12', '2023-10-07 10:49:12'),
	(210, 'Kamronberg', '2000-11-21', '2003-10-25', 21, 68, 'Completado', '2023-10-07 10:49:12', '2023-10-07 10:49:12'),
	(211, 'East Katrine', '1982-01-26', '1983-01-16', 22, 29, 'En curso', '2023-10-07 10:49:12', '2023-10-07 10:49:12'),
	(212, 'New Julie', '2018-12-27', '1973-07-10', 22, 30, 'Programado', '2023-10-07 10:49:12', '2023-10-07 10:49:12'),
	(213, 'Lake Santiagofurt', '2005-11-09', '2008-12-30', 22, 89, 'Completado', '2023-10-07 10:49:12', '2023-10-07 10:49:12'),
	(214, 'Lake Raphaelborough', '2011-07-27', '1978-11-26', 22, 3, 'Programado', '2023-10-07 10:49:12', '2023-10-07 10:49:12'),
	(215, 'Lueilwitzchester', '2014-01-20', '1999-05-09', 22, 73, 'Completado', '2023-10-07 10:49:12', '2023-10-07 10:49:12'),
	(216, 'Anastacioville', '2003-04-02', '2006-06-12', 22, 18, 'En curso', '2023-10-07 10:49:12', '2023-10-07 10:49:12'),
	(217, 'West Ansel', '1974-11-29', '1972-08-11', 22, 61, 'Programado', '2023-10-07 10:49:12', '2023-10-07 10:49:12'),
	(218, 'Elenafurt', '1994-11-05', '2017-04-30', 22, 17, 'Completado', '2023-10-07 10:49:12', '2023-10-07 10:49:12'),
	(219, 'Wilfridstad', '1972-02-24', '1988-03-22', 22, 54, 'En curso', '2023-10-07 10:49:12', '2023-10-07 10:49:12'),
	(220, 'South Layla', '1991-04-13', '1997-01-23', 22, 5, 'Programado', '2023-10-07 10:49:12', '2023-10-07 10:49:12'),
	(221, 'Greenholtbury', '1989-08-28', '1981-05-16', 23, 29, 'En curso', '2023-10-07 10:49:12', '2023-10-07 10:49:12'),
	(222, 'Luettgenfurt', '2021-01-13', '1970-05-21', 23, 77, 'En curso', '2023-10-07 10:49:12', '2023-10-07 10:49:12'),
	(223, 'North Helenmouth', '1994-08-05', '2000-12-29', 23, 2, 'Completado', '2023-10-07 10:49:12', '2023-10-07 10:49:12'),
	(224, 'New Bradley', '2023-07-09', '1989-07-25', 23, 17, 'En curso', '2023-10-07 10:49:12', '2023-10-07 10:49:12'),
	(225, 'North Mathew', '1996-01-02', '1989-08-11', 23, 71, 'En curso', '2023-10-07 10:49:12', '2023-10-07 10:49:12'),
	(226, 'New Haleyhaven', '1982-09-26', '1976-04-16', 23, 4, 'En curso', '2023-10-07 10:49:12', '2023-10-07 10:49:12'),
	(227, 'Rosenbaumburgh', '1980-07-28', '1998-01-16', 23, 60, 'Programado', '2023-10-07 10:49:12', '2023-10-07 10:49:12'),
	(228, 'Morrishaven', '1978-03-12', '2000-10-22', 23, 37, 'Programado', '2023-10-07 10:49:12', '2023-10-07 10:49:12'),
	(229, 'South Robert', '1995-05-31', '1984-12-04', 23, 40, 'Programado', '2023-10-07 10:49:12', '2023-10-07 10:49:12'),
	(230, 'Port Zaneside', '2003-12-26', '1996-11-09', 23, 51, 'Programado', '2023-10-07 10:49:12', '2023-10-07 10:49:12'),
	(231, 'North Alexandrea', '2005-10-12', '1976-08-19', 24, 58, 'Programado', '2023-10-07 10:49:12', '2023-10-07 10:49:12'),
	(232, 'Wardview', '1994-07-25', '2001-09-14', 24, 15, 'Completado', '2023-10-07 10:49:12', '2023-10-07 10:49:12'),
	(233, 'Bernhardville', '1975-11-14', '1980-09-10', 24, 33, 'Programado', '2023-10-07 10:49:12', '2023-10-07 10:49:12'),
	(234, 'Bashiriantown', '2014-09-28', '1978-02-15', 24, 79, 'Programado', '2023-10-07 10:49:12', '2023-10-07 10:49:12'),
	(235, 'Schroederburgh', '1973-01-15', '2008-12-16', 24, 9, 'Completado', '2023-10-07 10:49:12', '2023-10-07 10:49:12'),
	(236, 'Runolfssonland', '2023-09-21', '1997-10-12', 24, 39, 'Programado', '2023-10-07 10:49:12', '2023-10-07 10:49:12'),
	(237, 'Eberttown', '2003-07-28', '1970-09-26', 24, 55, 'Completado', '2023-10-07 10:49:12', '2023-10-07 10:49:12'),
	(238, 'East Oswald', '2009-08-12', '1985-12-09', 24, 100, 'Programado', '2023-10-07 10:49:12', '2023-10-07 10:49:12'),
	(239, 'Zemlakton', '1997-12-24', '2019-08-10', 24, 56, 'Programado', '2023-10-07 10:49:12', '2023-10-07 10:49:12'),
	(240, 'South Holliebury', '2018-11-16', '1990-09-24', 24, 46, 'En curso', '2023-10-07 10:49:12', '2023-10-07 10:49:12'),
	(241, 'Raymundoberg', '2014-08-24', '2008-01-25', 25, 12, 'Completado', '2023-10-07 10:49:12', '2023-10-07 10:49:12'),
	(242, 'Cartwrightport', '2006-04-13', '2015-09-25', 25, 60, 'En curso', '2023-10-07 10:49:12', '2023-10-07 10:49:12'),
	(243, 'Sylvanhaven', '1990-11-29', '1975-09-10', 25, 69, 'En curso', '2023-10-07 10:49:12', '2023-10-07 10:49:12'),
	(244, 'West Buddyport', '2018-06-21', '2009-09-08', 25, 95, 'Completado', '2023-10-07 10:49:12', '2023-10-07 10:49:12'),
	(245, 'New Antonetta', '1999-09-07', '1988-02-18', 25, 95, 'Completado', '2023-10-07 10:49:12', '2023-10-07 10:49:12'),
	(246, 'Deckowmouth', '1972-08-01', '1974-01-24', 25, 68, 'Completado', '2023-10-07 10:49:12', '2023-10-07 10:49:12'),
	(247, 'West Keenan', '1988-02-15', '2010-12-16', 25, 71, 'Programado', '2023-10-07 10:49:12', '2023-10-07 10:49:12'),
	(248, 'East Gladys', '1982-05-21', '1979-10-12', 25, 71, 'En curso', '2023-10-07 10:49:12', '2023-10-07 10:49:12'),
	(249, 'Port Gregoria', '2002-02-20', '1989-05-29', 25, 38, 'Programado', '2023-10-07 10:49:12', '2023-10-07 10:49:12'),
	(250, 'North Angus', '2014-06-21', '1970-04-09', 25, 15, 'Completado', '2023-10-07 10:49:12', '2023-10-07 10:49:12'),
	(251, 'East Gonzalo', '1996-05-27', '1999-09-28', 26, 92, 'En curso', '2023-10-07 10:49:12', '2023-10-07 10:49:12'),
	(252, 'East Verdaton', '2012-05-09', '2006-06-09', 26, 7, 'En curso', '2023-10-07 10:49:12', '2023-10-07 10:49:12'),
	(253, 'Weissnatborough', '2002-04-27', '1971-09-11', 26, 61, 'Programado', '2023-10-07 10:49:12', '2023-10-07 10:49:12'),
	(254, 'Donnieborough', '2004-01-16', '1999-11-11', 26, 49, 'Programado', '2023-10-07 10:49:12', '2023-10-07 10:49:12'),
	(255, 'Kirlinton', '1973-01-11', '2007-01-27', 26, 60, 'Completado', '2023-10-07 10:49:12', '2023-10-07 10:49:12'),
	(256, 'Monahanside', '2010-12-29', '1975-02-17', 26, 85, 'Completado', '2023-10-07 10:49:12', '2023-10-07 10:49:12'),
	(257, 'Leoniefurt', '1991-12-05', '1996-02-20', 26, 8, 'En curso', '2023-10-07 10:49:12', '2023-10-07 10:49:12'),
	(258, 'Lake Janick', '1971-04-02', '1986-04-29', 26, 2, 'Completado', '2023-10-07 10:49:12', '2023-10-07 10:49:12'),
	(259, 'Johannaport', '1993-12-19', '1973-10-17', 26, 58, 'En curso', '2023-10-07 10:49:12', '2023-10-07 10:49:12'),
	(260, 'West Brandohaven', '1984-04-08', '1979-05-26', 26, 53, 'Programado', '2023-10-07 10:49:12', '2023-10-07 10:49:12'),
	(261, 'North Dawnberg', '2005-02-03', '2020-12-03', 27, 2, 'Completado', '2023-10-07 10:49:12', '2023-10-07 10:49:12'),
	(262, 'Lake Franzberg', '1973-06-18', '1980-10-04', 27, 18, 'Programado', '2023-10-07 10:49:12', '2023-10-07 10:49:12'),
	(263, 'Lake Emilside', '1979-01-06', '2002-08-27', 27, 36, 'En curso', '2023-10-07 10:49:12', '2023-10-07 10:49:12'),
	(264, 'East Saraibury', '1976-10-16', '1988-02-02', 27, 27, 'En curso', '2023-10-07 10:49:12', '2023-10-07 10:49:12'),
	(265, 'Gudrunhaven', '2018-07-30', '1970-10-06', 27, 46, 'En curso', '2023-10-07 10:49:12', '2023-10-07 10:49:12'),
	(266, 'Clemmiebury', '1995-08-13', '2003-11-17', 27, 83, 'En curso', '2023-10-07 10:49:12', '2023-10-07 10:49:12'),
	(267, 'Dibbertbury', '1988-10-07', '2009-04-21', 27, 46, 'Completado', '2023-10-07 10:49:12', '2023-10-07 10:49:12'),
	(268, 'Port Kelleyville', '1970-02-06', '1991-01-13', 27, 96, 'Programado', '2023-10-07 10:49:12', '2023-10-07 10:49:12'),
	(269, 'East Eveline', '1974-05-16', '1973-10-22', 27, 50, 'En curso', '2023-10-07 10:49:12', '2023-10-07 10:49:12'),
	(270, 'Adahside', '1972-11-01', '1987-02-22', 27, 11, 'Programado', '2023-10-07 10:49:12', '2023-10-07 10:49:12'),
	(271, 'West Lydiaberg', '2022-04-30', '2007-03-30', 28, 30, 'Completado', '2023-10-07 10:49:12', '2023-10-07 10:49:12'),
	(272, 'Thielview', '2001-10-23', '1989-10-20', 28, 56, 'Programado', '2023-10-07 10:49:12', '2023-10-07 10:49:12'),
	(273, 'Harveyport', '2002-01-21', '2022-02-18', 28, 100, 'Completado', '2023-10-07 10:49:12', '2023-10-07 10:49:12'),
	(274, 'Legrosborough', '2017-10-17', '2013-11-01', 28, 86, 'En curso', '2023-10-07 10:49:12', '2023-10-07 10:49:12'),
	(275, 'Wardmouth', '2021-09-10', '2008-12-06', 28, 5, 'En curso', '2023-10-07 10:49:12', '2023-10-07 10:49:12'),
	(276, 'South Jeramieton', '2017-11-13', '1987-10-23', 28, 47, 'En curso', '2023-10-07 10:49:12', '2023-10-07 10:49:12'),
	(277, 'East Rickey', '2014-06-07', '1997-09-13', 28, 61, 'Completado', '2023-10-07 10:49:12', '2023-10-07 10:49:12'),
	(278, 'South Bernardomouth', '2005-03-20', '2018-07-23', 28, 43, 'Programado', '2023-10-07 10:49:12', '2023-10-07 10:49:12'),
	(279, 'Davisside', '1994-11-23', '1977-03-29', 28, 74, 'En curso', '2023-10-07 10:49:12', '2023-10-07 10:49:12'),
	(280, 'Lake Robertabury', '1987-07-10', '2007-03-03', 28, 18, 'Programado', '2023-10-07 10:49:12', '2023-10-07 10:49:12'),
	(281, 'Port Christian', '1988-06-17', '2015-08-25', 29, 63, 'En curso', '2023-10-07 10:49:12', '2023-10-07 10:49:12'),
	(282, 'South Lucienne', '2022-04-12', '1997-08-31', 29, 71, 'Programado', '2023-10-07 10:49:12', '2023-10-07 10:49:12'),
	(283, 'East Ernestinaview', '1983-08-22', '2001-02-10', 29, 74, 'Programado', '2023-10-07 10:49:12', '2023-10-07 10:49:12'),
	(284, 'Purdychester', '2007-06-17', '2003-02-20', 29, 68, 'En curso', '2023-10-07 10:49:12', '2023-10-07 10:49:12'),
	(285, 'West Erikhaven', '2004-04-06', '2014-08-01', 29, 23, 'Programado', '2023-10-07 10:49:12', '2023-10-07 10:49:12'),
	(286, 'South Micaela', '1986-08-25', '2022-11-28', 29, 12, 'Programado', '2023-10-07 10:49:12', '2023-10-07 10:49:12'),
	(287, 'Port Skyla', '2017-12-28', '1976-01-08', 29, 17, 'Programado', '2023-10-07 10:49:12', '2023-10-07 10:49:12'),
	(288, 'Pearlinetown', '1985-06-07', '2016-06-17', 29, 73, 'En curso', '2023-10-07 10:49:12', '2023-10-07 10:49:12'),
	(289, 'New Marquistown', '2022-02-05', '2000-12-07', 29, 93, 'Programado', '2023-10-07 10:49:12', '2023-10-07 10:49:12'),
	(290, 'Jenaville', '1991-07-29', '2016-05-21', 29, 13, 'Programado', '2023-10-07 10:49:12', '2023-10-07 10:49:12'),
	(291, 'North Hermina', '2011-04-23', '2006-11-10', 30, 74, 'Programado', '2023-10-07 10:49:12', '2023-10-07 10:49:12'),
	(292, 'South Hellen', '1989-02-09', '2008-01-14', 30, 91, 'En curso', '2023-10-07 10:49:12', '2023-10-07 10:49:12'),
	(293, 'Dorianburgh', '1982-04-10', '1971-12-05', 30, 57, 'En curso', '2023-10-07 10:49:12', '2023-10-07 10:49:12'),
	(294, 'New Frederiquetown', '2017-04-02', '1972-01-29', 30, 41, 'Completado', '2023-10-07 10:49:12', '2023-10-07 10:49:12'),
	(295, 'Nevaton', '1995-08-27', '1998-09-17', 30, 36, 'Programado', '2023-10-07 10:49:12', '2023-10-07 10:49:12'),
	(296, 'North Savanahport', '1976-09-29', '1997-07-12', 30, 68, 'En curso', '2023-10-07 10:49:12', '2023-10-07 10:49:12'),
	(297, 'Claudieport', '1987-07-22', '1971-05-03', 30, 66, 'Completado', '2023-10-07 10:49:12', '2023-10-07 10:49:12'),
	(298, 'South Kameron', '1979-01-19', '1978-06-09', 30, 66, 'Completado', '2023-10-07 10:49:12', '2023-10-07 10:49:12'),
	(299, 'Port Annamarieborough', '2006-03-23', '1973-12-17', 30, 56, 'Programado', '2023-10-07 10:49:12', '2023-10-07 10:49:12'),
	(300, 'Ratkeville', '1987-12-23', '2003-03-04', 30, 27, 'Completado', '2023-10-07 10:49:12', '2023-10-07 10:49:12');

/*!40103 SET TIME_ZONE=IFNULL(@OLD_TIME_ZONE, 'system') */;
/*!40101 SET SQL_MODE=IFNULL(@OLD_SQL_MODE, '') */;
/*!40014 SET FOREIGN_KEY_CHECKS=IFNULL(@OLD_FOREIGN_KEY_CHECKS, 1) */;
/*!40101 SET CHARACTER_SET_CLIENT=@OLD_CHARACTER_SET_CLIENT */;
/*!40111 SET SQL_NOTES=IFNULL(@OLD_SQL_NOTES, 1) */;
